date,load_gw,year,month,quarter,weekofyear,sin_week,cos_week,holiday_days,has_holiday,temp_mean,temp_min,temp_max,heating_degree_days,cooling_degree_days,lag_1,lag_2,lag_4,lag_8,lag_52,rolling_mean_4,rolling_mean_8,rolling_std_4,rolling_std_8
2015-01-04 00:00:00+00:00,47.23373958333334,2015,1,1,1,0.12053668025532305,0.992708874098054,1,1,3.502083333333333,0.9,7.5,14.497916666666669,0.0,,,,,,,,,
2015-01-11 00:00:00+00:00,56.19110119047619,2015,1,1,2,0.23931566428755774,0.970941817426052,0,0,3.9023809523809527,-0.5,11.6,14.097619047619048,0.0,47.23373958333334,,,,,,,,
2015-01-18 00:00:00+00:00,57.67267857142857,2015,1,1,3,0.3546048870425356,0.9350162426854148,0,0,4.8375,-2.9,11.2,13.1625,0.0,56.19110119047619,47.23373958333334,,,,,,,
2015-01-25 00:00:00+00:00,58.613303571428574,2015,1,1,4,0.4647231720437685,0.8854560256532099,0,0,0.0571428571428571,-3.6,3.4,17.942857142857143,0.0,57.67267857142857,56.19110119047619,,,,,,,
2015-02-01 00:00:00+00:00,58.73402976190476,2015,2,1,5,0.5680647467311558,0.8229838658936564,0,0,1.3732142857142855,-1.2,4.7,16.626785714285713,0.0,58.613303571428574,57.67267857142857,47.23373958333334,,,54.92770572916667,,5.22531627446377,
2015-02-08 00:00:00+00:00,59.32389880952381,2015,2,1,6,0.6631226582407952,0.7485107481711011,0,0,-1.243452380952381,-8.2,2.9,19.24345238095238,0.0,58.73402976190476,58.613303571428574,56.19110119047619,,,57.80277827380952,,1.1745367236576647,
2015-02-15 00:00:00+00:00,58.13777976190477,2015,2,1,7,0.7485107481711011,0.6631226582407953,0,0,1.7892857142857144,-3.8,6.7,16.210714285714285,0.0,59.32389880952381,58.73402976190476,57.67267857142857,,,58.585977678571425,,0.6834493344825009,
2015-02-22 00:00:00+00:00,57.80289880952381,2015,2,1,8,0.8229838658936564,0.5680647467311558,0,0,2.0994047619047618,-2.4,10.0,15.90059523809524,0.0,58.13777976190477,59.32389880952381,58.613303571428574,,,58.70225297619048,,0.4878508352848993,
2015-03-01 00:00:00+00:00,58.86245238095238,2015,3,1,9,0.8854560256532098,0.4647231720437686,0,0,2.4160714285714286,-2.9,8.4,15.583928571428572,0.0,57.80289880952381,58.13777976190477,58.73402976190476,47.23373958333334,,58.499651785714285,56.713678757440476,0.6710023008972541,3.9420828437647075
2015-03-08 00:00:00+00:00,59.01157738095238,2015,3,1,10,0.9350162426854148,0.35460488704253557,0,0,4.893452380952381,-1.2,14.7,13.10654761904762,0.0,58.86245238095238,57.80289880952381,59.32389880952381,56.19110119047619,,58.53175744047619,58.16726785714286,0.6887913102770286,0.9728258693010268
2015-03-15 00:00:00+00:00,56.92314880952381,2015,3,1,11,0.970941817426052,0.23931566428755804,0,0,5.0875,-0.3,11.9,12.9125,0.0,59.01157738095238,58.86245238095238,58.13777976190477,57.67267857142857,,58.45367708333333,58.51982738095238,0.5778273863866111,0.5901536529691397
2015-03-22 00:00:00+00:00,55.459291666666665,2015,3,1,12,0.992708874098054,0.120536680255323,0,0,5.691071428571429,-2.5,15.6,12.30892857142857,0.0,56.92314880952381,59.01157738095238,57.80289880952381,58.613303571428574,,58.15001934523809,58.426136160714286,0.9790381431110977,0.7745474564243202
2015-03-29 00:00:00+00:00,55.87660714285715,2015,3,1,13,1.0,-1.6081226496766366e-16,0,0,7.010714285714285,-2.1,15.2,10.989285714285714,0.0,55.459291666666665,56.92314880952381,58.86245238095238,58.73402976190476,,57.56411755952381,58.03188467261904,1.6952822990977352,1.2941145379358487
2015-04-05 00:00:00+00:00,53.36976190476191,2015,4,2,14,0.992708874098054,-0.12053668025532288,0,0,4.311309523809523,-2.9,10.1,13.688690476190477,0.0,55.87660714285715,55.459291666666665,59.01157738095238,59.32389880952381,,56.81765625,57.6747068452381,1.5869411218087468,1.4567445389334168
2015-04-12 00:00:00+00:00,51.60528571428571,2015,4,2,15,0.9709418174260521,-0.2393156642875575,0,0,8.683928571428572,-2.2,19.8,9.316071428571428,0.0,53.36976190476191,55.87660714285715,56.92314880952381,58.13777976190477,,55.407202380952384,56.93043973214286,1.4913429510011644,1.935974508479325
2015-04-19 00:00:00+00:00,53.378732142857146,2015,4,2,16,0.9350162426854148,-0.35460488704253545,0,0,9.001785714285713,1.3,20.4,8.998214285714287,0.0,51.60528571428571,53.36976190476191,55.459291666666665,57.80289880952381,,54.07773660714286,56.11387797619048,1.9798039619751955,2.6131915800561547
2015-04-26 00:00:00+00:00,52.511922619047624,2015,4,2,17,0.8854560256532099,-0.4647231720437685,0,0,11.375,2.0,21.0,6.625,0.0,53.378732142857146,51.60528571428571,55.87660714285715,58.86245238095238,,53.55759672619048,55.560857142857145,1.756568820088842,2.6721571450768224
2015-05-03 00:00:00+00:00,50.88061904761904,2015,5,2,18,0.8229838658936565,-0.5680647467311557,0,0,9.939285714285711,2.5,18.6,8.060714285714287,0.0,52.511922619047624,53.378732142857146,53.36976190476191,59.01157738095238,,52.7164255952381,54.767040922619046,0.8449756601375187,2.4881801651021846
2015-05-10 00:00:00+00:00,53.23302976190476,2015,5,2,19,0.7485107481711013,-0.6631226582407951,0,0,14.657738095238097,6.6,23.5,3.342261904761905,0.0,50.88061904761904,52.511922619047624,51.60528571428571,56.92314880952381,,52.09413988095238,53.750671130952384,1.0857149571897944,2.143475434066065
2015-05-17 00:00:00+00:00,49.984785714285714,2015,5,2,20,0.6631226582407952,-0.7485107481711012,0,0,12.517857142857142,4.5,26.1,5.482142857142858,0.0,53.23302976190476,50.88061904761904,53.378732142857146,55.459291666666665,,52.501075892857145,53.28940625,1.1448486069237136,1.7180813300983822
2015-05-24 00:00:00+00:00,52.28980357142857,2015,5,2,21,0.5680647467311558,-0.8229838658936564,0,0,13.516666666666667,6.3,19.3,4.4833333333333325,0.0,49.984785714285714,53.23302976190476,52.511922619047624,55.87660714285715,,51.652589285714285,52.605093005952384,1.4847842354960963,1.81770897535483
2015-05-31 00:00:00+00:00,50.47083928571429,2015,5,2,22,0.46472317204376906,-0.8854560256532096,0,0,13.77142857142857,7.1,20.6,4.2285714285714295,0.0,52.28980357142857,49.984785714285714,50.88061904761904,53.36976190476191,,51.59705952380952,52.156742559523806,1.4455687148714123,1.2488233965646895
2015-06-07 00:00:00+00:00,50.596398809523805,2015,6,2,23,0.35460488704253584,-0.9350162426854147,0,0,17.861904761904764,8.1,28.3,0.1380952380952358,0.0,50.47083928571429,52.28980357142857,53.23302976190476,51.60528571428571,,51.49461458333333,51.79437723214286,1.52557223511917,1.2670158417922772
2015-06-14 00:00:00+00:00,53.15695238095238,2015,6,2,24,0.23931566428755768,-0.970941817426052,0,0,17.923214285714284,10.0,30.1,0.076785714285716,0.0,50.596398809523805,50.47083928571429,49.984785714285714,53.378732142857146,,50.8354568452381,51.668266369047615,1.0047985672377002,1.336812258646798
2015-06-21 00:00:00+00:00,52.58079761904762,2015,6,2,25,0.12053668025532308,-0.992708874098054,0,0,14.366666666666664,7.8,20.7,3.633333333333334,0.0,53.15695238095238,50.596398809523805,52.28980357142857,52.511922619047624,,51.62849851190476,51.640543898809526,1.313887398929439,1.2980102189723621
2015-06-28 00:00:00+00:00,52.852244047619045,2015,6,2,26,-3.216245299353273e-16,-1.0,0,0,15.963690476190475,11.0,22.9,2.036309523809523,0.0,52.58079761904762,53.15695238095238,50.47083928571429,50.88061904761904,,51.70124702380953,51.649153273809524,1.369583892400971,1.3048260373120038
2015-07-05 00:00:00+00:00,54.222988095238094,2015,7,3,27,-0.12053668025532283,-0.992708874098054,0,0,23.875,12.8,35.5,0.0,0.0,52.852244047619045,52.58079761904762,50.596398809523805,53.23302976190476,,52.29659821428571,51.89560639880953,1.1576411219689728,1.3249725778376726
2015-07-12 00:00:00+00:00,53.87792857142857,2015,7,3,28,-0.23931566428755743,-0.9709418174260521,0,0,18.91904761904762,9.7,31.5,0.0,0.0,54.222988095238094,52.852244047619045,53.15695238095238,49.984785714285714,,53.20324553571428,52.019351190476186,0.7194121205283839,1.5021112972438577
2015-07-19 00:00:00+00:00,53.722517857142854,2015,7,3,29,-0.3546048870425356,-0.9350162426854148,0,0,19.564285714285717,14.9,30.1,0.0,0.0,53.87792857142857,54.222988095238094,52.58079761904762,52.28980357142857,,53.383489583333336,52.50599404761905,0.7907304372506702,1.3739750198378855
2015-07-26 00:00:00+00:00,53.660047619047624,2015,7,3,30,-0.46472317204376806,-0.8854560256532101,0,0,20.34285714285714,13.6,28.3,0.0,0.0,53.722517857142854,53.87792857142857,52.852244047619045,50.47083928571429,,53.66891964285715,52.68508333333334,0.5832404817278205,1.4338389810500856
2015-08-02 00:00:00+00:00,52.31118452380953,2015,8,3,31,-0.5680647467311556,-0.8229838658936565,0,0,17.3625,9.3,27.9,0.6374999999999993,0.0,53.660047619047624,53.722517857142854,54.222988095238094,50.596398809523805,,53.87087053571429,53.083734375,0.25198638258453004,1.1443998425174575
2015-08-09 00:00:00+00:00,52.515363095238094,2015,8,3,32,-0.663122658240795,-0.7485107481711013,0,0,24.922619047619047,15.1,36.1,0.0,0.0,52.31118452380953,53.660047619047624,53.87792857142857,53.15695238095238,,53.392919642857144,53.29808258928572,0.7269518248821911,0.677178051963724
2015-08-16 00:00:00+00:00,52.66826785714286,2015,8,3,33,-0.7485107481711011,-0.6631226582407952,0,0,25.066666666666663,17.3,33.5,0.0,0.0,52.515363095238094,52.31118452380953,53.722517857142854,52.58079761904762,,53.05227827380952,53.217883928571425,0.7429900249099599,0.7320488144969506
2015-08-23 00:00:00+00:00,51.806595238095234,2015,8,3,34,-0.8229838658936564,-0.5680647467311559,0,0,20.10892857142857,13.1,26.7,0.0,0.0,52.66826785714286,52.515363095238094,53.660047619047624,52.852244047619045,,52.78871577380952,53.22881770833334,0.5990227226529737,0.7217548799890038
2015-08-30 00:00:00+00:00,53.67769047619048,2015,8,3,35,-0.8854560256532096,-0.4647231720437691,0,0,20.345238095238095,12.6,29.3,0.0,0.0,51.806595238095234,52.66826785714286,52.31118452380953,54.222988095238094,,52.32535267857143,53.098111607142854,0.37550179617628365,0.8775572509866462
2015-09-06 00:00:00+00:00,53.87086904761905,2015,9,3,36,-0.9350162426854147,-0.3546048870425359,0,0,17.646428571428572,11.5,33.5,0.3535714285714277,0.0,53.67769047619048,51.806595238095234,52.515363095238094,53.87792857142857,,52.666979166666664,53.02994940476191,0.7713163962952234,0.7949971218837707
2015-09-13 00:00:00+00:00,53.435452380952384,2015,9,3,37,-0.970941817426052,-0.23931566428755774,0,0,14.92797619047619,8.3,24.2,3.0720238095238095,0.0,53.87086904761905,53.67769047619048,52.66826785714286,53.722517857142854,,53.0058556547619,53.02906696428572,0.9577406164494091,0.7939246020027976
2015-09-20 00:00:00+00:00,54.56171428571429,2015,9,3,38,-0.992708874098054,-0.12053668025532357,0,0,16.33809523809524,10.4,24.4,1.661904761904761,0.0,53.435452380952384,53.87086904761905,51.806595238095234,53.660047619047624,,53.197651785714285,52.99318377976191,0.9443244618685194,0.7640295486319814
2015-09-27 00:00:00+00:00,52.76889285714286,2015,9,3,39,-1.0,-1.8369701987210297e-16,0,0,13.496428571428572,7.0,20.1,4.503571428571428,0.0,54.56171428571429,53.435452380952384,53.67769047619048,52.31118452380953,,53.886431547619054,53.105892113095244,0.48415011840131367,0.9258311539224511
2015-10-04 00:00:00+00:00,53.40454761904762,2015,10,4,40,-0.992708874098054,0.1205366802553232,0,0,11.783333333333331,4.5,19.4,6.216666666666667,0.0,52.76889285714286,54.56171428571429,53.87086904761905,52.515363095238094,,53.65923214285714,53.16310565476191,0.7532254251234949,0.882849648278431
2015-10-11 00:00:00+00:00,54.71454761904762,2015,10,4,41,-0.9709418174260521,0.23931566428755738,0,0,9.996428571428572,2.3,18.6,8.003571428571428,0.0,53.40454761904762,52.76889285714286,53.435452380952384,52.66826785714286,,53.542651785714284,53.2742537202381,0.7455994750718032,0.8448040490707484
2015-10-18 00:00:00+00:00,56.24397023809523,2015,10,4,42,-0.9350162426854148,0.35460488704253557,0,0,6.406547619047619,0.9,10.1,11.593452380952382,0.0,54.71454761904762,53.40454761904762,54.56171428571429,51.806595238095234,,53.8624255952381,53.53003869047619,0.9346269677354978,0.9395802413816282
2015-10-25 00:00:00+00:00,55.76396428571428,2015,10,4,43,-0.8854560256532101,0.464723172043768,0,0,9.303571428571429,5.7,13.9,8.696428571428571,0.0,56.24397023809523,54.71454761904762,52.76889285714286,53.67769047619048,,54.28298958333333,54.08471056547619,1.5379463197631174,1.0766055923425077
2015-11-01 00:00:00+00:00,55.60158928571428,2015,11,4,44,-0.822983865893657,0.5680647467311548,0,0,8.391666666666666,3.2,14.3,9.608333333333334,0.0,55.76396428571428,56.24397023809523,53.40454761904762,53.87086904761905,,55.031757440476184,54.34549479166667,1.258838168668409,1.2085243429816892
2015-11-08 00:00:00+00:00,56.496375,2015,11,4,45,-0.7485107481711011,0.6631226582407953,0,0,8.144642857142857,-0.1,16.3,9.855357142857144,0.0,55.60158928571428,55.76396428571428,54.71454761904762,53.435452380952384,,55.581017857142854,54.56183482142857,0.6387929013162027,1.2650125536531336
2015-11-15 00:00:00+00:00,58.491214285714285,2015,11,4,46,-0.6631226582407956,0.7485107481711007,0,0,11.326785714285714,6.5,15.4,6.673214285714286,0.0,56.496375,55.60158928571428,56.24397023809523,54.56171428571429,,56.02647470238095,54.94445014880952,0.415351230451574,1.3365386914724118
2015-11-22 00:00:00+00:00,59.382172619047616,2015,11,4,47,-0.5680647467311559,0.8229838658936564,0,0,8.174404761904762,-2.5,13.3,9.825595238095238,0.0,58.491214285714285,56.496375,55.76396428571428,52.76889285714286,,56.58828571428571,55.43563764880952,1.326984097759248,1.8129406868126061
2015-11-29 00:00:00+00:00,60.73266666666667,2015,11,4,48,-0.4647231720437684,0.88545602565321,0,0,2.054761904761905,-3.0,8.9,15.945238095238096,0.0,59.382172619047616,58.491214285714285,55.60158928571428,53.40454761904762,,57.492837797619046,56.262297619047615,1.7450979648017177,1.927394776582493
2015-12-06 00:00:00+00:00,60.106678571428574,2015,12,4,49,-0.35460488704253595,0.9350162426854147,0,0,6.870238095238095,3.1,10.6,11.129761904761905,0.0,60.73266666666667,59.382172619047616,56.496375,54.71454761904762,,58.77560714285715,57.1783125,1.7770558155619565,2.108105196480038
2015-12-13 00:00:00+00:00,59.90733333333334,2015,12,4,50,-0.2393156642875578,0.970941817426052,0,0,6.0494047619047615,0.7,11.2,11.95059523809524,0.0,60.106678571428574,60.73266666666667,58.491214285714285,56.24397023809523,,59.678183035714284,57.85232886904762,0.9647212261108534,2.069491261490871
2015-12-20 00:00:00+00:00,57.62785714285714,2015,12,4,51,-0.12053668025532363,0.992708874098054,2,1,6.938095238095237,-1.5,11.9,11.061904761904763,0.0,59.90733333333334,60.106678571428574,59.382172619047616,55.76396428571428,,60.032212797619046,58.31024925595238,0.5580704520911127,2.068065202973218
2015-12-27 00:00:00+00:00,48.25336309523809,2015,12,4,52,6.432490598706546e-16,1.0,2,1,9.904166666666669,3.3,13.9,8.095833333333333,0.0,57.62785714285714,59.90733333333334,60.73266666666667,55.60158928571428,,59.59363392857143,58.543235863095234,1.3568709189184105,1.831708240949305
2016-01-03 00:00:00+00:00,47.36403571428572,2016,1,1,53,0.12053668025532314,0.992708874098054,1,1,0.5101190476190476,-9.8,11.9,17.489880952380954,0.0,48.25336309523809,57.62785714285714,60.106678571428574,56.496375,47.23373958333334,56.473808035714285,57.62470758928571,5.594473125616903,4.03493191717924
2016-01-10 00:00:00+00:00,56.615142857142864,2016,1,1,1,0.12053668025532305,0.992708874098054,0,0,-3.230357142857143,-8.8,4.0,21.230357142857144,0.0,47.36403571428572,48.25336309523809,59.90733333333334,58.491214285714285,56.19110119047619,53.28814732142857,56.483165178571426,6.405488670730752,5.445155505120373
2016-01-17 00:00:00+00:00,59.91391071428571,2016,1,1,2,0.23931566428755774,0.970941817426052,0,0,0.2196428571428571,-5.4,4.0,17.78035714285714,0.0,56.615142857142864,47.36403571428572,57.62785714285714,59.382172619047616,57.67267857142857,52.465099702380954,56.24865625,5.404828138931804,5.38640127297975
2016-01-24 00:00:00+00:00,61.26752976190476,2016,1,1,3,0.3546048870425356,0.9350162426854148,0,0,-3.556547619047619,-12.8,4.0,21.55654761904762,0.0,59.91391071428571,56.615142857142864,48.25336309523809,60.73266666666667,58.613303571428574,53.036613095238096,56.31512351190476,6.195716598403242,5.433665600317828
2016-01-31 00:00:00+00:00,59.185089285714284,2016,1,1,4,0.4647231720437685,0.8854560256532099,0,0,6.358333333333333,0.3,9.8,11.641666666666666,0.0,61.26752976190476,59.91391071428571,47.36403571428572,60.106678571428574,58.73402976190476,56.290154761904766,56.38198139880952,6.2633081676101465,5.49868728902071
2016-02-07 00:00:00+00:00,59.32980952380952,2016,2,1,5,0.5680647467311558,0.8229838658936564,0,0,5.732142857142857,-0.8,12.3,12.267857142857142,0.0,59.185089285714284,61.26752976190476,56.615142857142864,59.90733333333334,59.32389880952381,59.2454181547619,56.26678273809524,1.9542948743376793,5.418576674783226
2016-02-14 00:00:00+00:00,58.9735119047619,2016,2,1,6,0.6631226582407952,0.7485107481711011,0,0,4.158333333333333,-3.2,9.3,13.841666666666669,0.0,59.32980952380952,59.185089285714284,59.91391071428571,57.62785714285714,58.13777976190477,59.92408482142857,56.19459226190476,0.949425326485242,5.3667447568764715
2016-02-21 00:00:00+00:00,59.96314285714285,2016,2,1,7,0.7485107481711011,0.6631226582407953,0,0,2.6267857142857145,-2.2,10.7,15.373214285714283,0.0,58.9735119047619,59.32980952380952,61.26752976190476,48.25336309523809,57.80289880952381,59.688985119047615,56.36279910714286,1.0624850161955728,5.438690005328671
2016-02-28 00:00:00+00:00,58.631726190476186,2016,2,1,8,0.8229838658936564,0.5680647467311558,0,0,2.4041666666666663,-4.2,10.7,15.595833333333331,0.0,59.96314285714285,58.9735119047619,59.185089285714284,47.36403571428572,58.86245238095238,59.36288839285714,57.82652157738095,0.42607753811410126,4.425818693374799
2016-03-06 00:00:00+00:00,58.698702380952376,2016,3,1,9,0.8854560256532098,0.4647231720437686,0,0,2.588690476190476,-2.2,9.3,15.411309523809525,0.0,58.631726190476186,59.96314285714285,59.32980952380952,56.615142857142864,59.01157738095238,59.22454761904761,59.23498288690476,0.5689344339356304,1.3325451317180756
2016-03-13 00:00:00+00:00,58.708357142857146,2016,3,1,10,0.9350162426854148,0.35460488704253557,0,0,2.5732142857142857,-3.2,8.2,15.426785714285714,0.0,58.698702380952376,58.631726190476186,58.9735119047619,59.91391071428571,56.92314880952381,59.06677083333333,59.49542782738095,0.6156076292967015,0.8710517583295804
2016-03-20 00:00:00+00:00,57.62138095238095,2016,3,1,11,0.970941817426052,0.23931566428755804,0,0,3.941071428571429,-1.8,9.4,14.058928571428572,0.0,58.708357142857146,58.698702380952376,59.96314285714285,61.26752976190476,55.459291666666665,59.00048214285714,59.344733630952376,0.6426778984756322,0.8923324627810274
2016-03-27 00:00:00+00:00,54.017779761904755,2016,3,1,12,0.992708874098054,0.120536680255323,0,0,5.9904761904761905,0.4,15.5,12.00952380952381,0.0,57.62138095238095,58.708357142857146,58.631726190476186,59.185089285714284,55.87660714285715,58.41504166666667,58.888965029761906,0.5302033828831461,0.6745156907859177
2016-04-03 00:00:00+00:00,53.22379166666666,2016,4,2,13,1.0,-1.6081226496766366e-16,0,0,8.02142857142857,1.1,18.3,9.97857142857143,0.0,54.017779761904755,57.62138095238095,58.698702380952376,59.32980952380952,53.36976190476191,57.261555059523815,58.243051339285714,2.2218746999205994,1.8317797861363194
2016-04-10 00:00:00+00:00,54.83217857142857,2016,4,2,14,0.992708874098054,-0.12053668025532288,0,0,10.491071428571429,2.0,20.3,7.508928571428571,0.0,53.22379166666666,54.017779761904755,58.708357142857146,58.9735119047619,51.60528571428571,55.892827380952376,57.47979910714285,2.6804639217430903,2.473846422212793
2016-04-17 00:00:00+00:00,53.15043452380952,2016,4,2,15,0.9709418174260521,-0.2393156642875575,0,0,9.776785714285714,2.6,16.7,8.223214285714286,0.0,54.83217857142857,53.22379166666666,57.62138095238095,59.96314285714285,53.378732142857146,54.92378273809524,56.96213244047618,1.9145267896507252,2.5487896063484197
2016-04-24 00:00:00+00:00,53.383125,2016,4,2,16,0.9350162426854148,-0.35460488704253545,0,0,7.426190476190476,1.0,13.6,10.573809523809524,0.0,53.15043452380952,54.83217857142857,54.017779761904755,58.631726190476186,52.511922619047624,53.806046130952375,56.110543898809524,0.7888019938435034,2.540968666096896
2016-05-01 00:00:00+00:00,54.88391071428571,2016,5,2,17,0.8854560256532099,-0.4647231720437685,0,0,7.6119047619047615,-0.3,17.2,10.38809523809524,0.0,53.383125,53.15043452380952,53.22379166666666,58.698702380952376,50.88061904761904,53.64738244047619,55.454468750000004,0.7958140993770817,2.473708298696801
2016-05-08 00:00:00+00:00,50.6261130952381,2016,5,2,18,0.8229838658936565,-0.5680647467311557,0,0,13.686309523809523,4.8,22.7,4.313690476190475,0.0,54.88391071428571,53.383125,54.83217857142857,58.708357142857146,53.23302976190476,54.062412202380955,54.97761979166666,0.9238568535419208,2.098163633026916
2016-05-15 00:00:00+00:00,53.83086309523809,2016,5,2,19,0.7485107481711013,-0.6631226582407951,0,0,15.416666666666666,6.7,23.3,2.583333333333334,0.0,50.6261130952381,54.88391071428571,53.15043452380952,57.62138095238095,49.984785714285714,53.01089583333333,53.96733928571428,1.7657292214872988,1.9881042713576147
2016-05-22 00:00:00+00:00,51.5158630952381,2016,5,2,20,0.6631226582407952,-0.7485107481711012,0,0,14.90892857142857,6.4,27.3,3.0910714285714302,0.0,53.83086309523809,50.6261130952381,53.383125,54.017779761904755,52.28980357142857,53.18100297619048,53.493524553571426,1.8157210280486538,1.338363190201197
2016-05-29 00:00:00+00:00,51.86942857142857,2016,5,2,21,0.5680647467311558,-0.8229838658936564,0,0,17.70595238095238,11.3,26.0,0.2940476190476211,0.0,51.5158630952381,53.83086309523809,54.88391071428571,53.22379166666666,50.47083928571429,52.7141875,53.18078497023809,1.979115906196457,1.4828719791887983
2016-06-05 00:00:00+00:00,53.917023809523805,2016,6,2,22,0.46472317204376906,-0.8854560256532096,0,0,20.467261904761905,13.6,26.5,0.0,0.0,51.86942857142857,51.5158630952381,50.6261130952381,54.83217857142857,50.596398809523805,51.96056696428571,53.01148958333333,1.3521393522696856,1.5529181632005071
2016-06-12 00:00:00+00:00,53.39696428571429,2016,6,2,23,0.35460488704253584,-0.9350162426854147,0,0,18.03988095238095,11.6,25.3,0.0,0.0,53.917023809523805,51.86942857142857,53.83086309523809,53.15043452380952,53.15695238095238,52.78329464285714,52.89709523809524,1.2681055963104846,1.4283496503126436
2016-06-19 00:00:00+00:00,53.58318452380953,2016,6,2,24,0.23931566428755768,-0.970941817426052,0,0,16.45,11.6,22.3,1.5500000000000007,0.0,53.39696428571429,53.917023809523805,51.5158630952381,53.383125,52.58079761904762,52.67481994047619,52.92791145833333,1.1628125578521435,1.4372279976439273
2016-06-26 00:00:00+00:00,53.794452380952386,2016,6,2,25,0.12053668025532308,-0.992708874098054,0,0,21.767857142857142,11.4,32.9,0.0,0.0,53.58318452380953,53.39696428571429,51.86942857142857,54.88391071428571,52.852244047619045,53.19165029761905,52.95291889880953,0.90735695088696,1.4479803997129195
2016-07-03 00:00:00+00:00,53.90750595238095,2016,7,3,26,-3.216245299353273e-16,-1.0,0,0,18.979166666666668,11.8,26.7,0.0,0.0,53.794452380952386,53.58318452380953,53.917023809523805,50.6261130952381,54.222988095238094,53.672906250000004,52.81673660714286,0.22989910875668143,1.282164182895038
2016-07-10 00:00:00+00:00,53.99964285714286,2016,7,3,27,-0.12053668025532283,-0.992708874098054,0,0,18.73452380952381,11.4,29.6,0.0,0.0,53.90750595238095,53.794452380952386,53.39696428571429,53.83086309523809,53.87792857142857,53.67052678571429,53.226910714285715,0.22655521086449992,0.967516626031374
2016-07-17 00:00:00+00:00,53.4520119047619,2016,7,3,28,-0.23931566428755743,-0.9709418174260521,0,0,19.316071428571423,10.1,28.6,0.0,0.0,53.99964285714286,53.90750595238095,53.58318452380953,51.5158630952381,53.722517857142854,53.82119642857143,53.24800818452381,0.1794968640962604,0.9842629302951894
2016-07-24 00:00:00+00:00,53.62673809523809,2016,7,3,29,-0.3546048870425356,-0.9350162426854148,0,0,21.70952380952381,14.1,28.7,0.0,0.0,53.4520119047619,53.99964285714286,53.794452380952386,51.86942857142857,53.660047619047624,53.78840327380952,53.490026785714285,0.23944613484475824,0.6922139938146409
2016-07-31 00:00:00+00:00,52.74389285714286,2016,7,3,30,-0.46472317204376806,-0.8854560256532101,0,0,21.92142857142857,15.7,30.2,0.0,0.0,53.62673809523809,53.4520119047619,53.90750595238095,53.917023809523805,52.31118452380953,53.74647470238095,53.709690476190474,0.25236902367591746,0.2269222042042402
2016-08-07 00:00:00+00:00,51.83383333333334,2016,8,3,31,-0.5680647467311556,-0.8229838658936565,0,0,18.40297619047619,12.7,26.3,0.0,0.0,52.74389285714286,53.62673809523809,53.99964285714286,53.39696428571429,52.515363095238094,53.45557142857143,53.56304910714286,0.5265645912913022,0.39246550498903104
2016-08-14 00:00:00+00:00,51.67182738095238,2016,8,3,32,-0.663122658240795,-0.7485107481711013,0,0,17.823214285714286,10.1,27.0,0.1767857142857138,0.0,51.83383333333334,52.74389285714286,53.4520119047619,53.58318452380953,52.66826785714286,52.914119047619046,53.36765773809525,0.8150968885573786,0.7304973781062156
2016-08-21 00:00:00+00:00,51.74010119047619,2016,8,3,33,-0.7485107481711011,-0.6631226582407952,0,0,18.02202380952381,9.0,26.4,0.0,0.0,51.67182738095238,51.83383333333334,53.62673809523809,53.794452380952386,51.806595238095234,52.46907291666667,53.12873809523809,0.9045891217948882,0.934123957424703
2016-08-28 00:00:00+00:00,53.69797023809524,2016,8,3,34,-0.8229838658936564,-0.5680647467311559,0,0,22.7125,14.3,34.7,0.0,0.0,51.74010119047619,51.67182738095238,52.74389285714286,53.90750595238095,53.67769047619048,51.99741369047619,52.871944196428565,0.5020643541468356,1.0046822572463874
2016-09-04 00:00:00+00:00,53.27640476190476,2016,9,3,35,-0.8854560256532096,-0.4647231720437691,0,0,19.96190476190476,13.0,26.3,0.0,0.0,53.69797023809524,51.74010119047619,51.83383333333334,53.99964285714286,53.87086904761905,52.23593303571428,52.84575223214286,0.9769512714368371,0.9761548314948412
2016-09-11 00:00:00+00:00,53.12014285714285,2016,9,3,36,-0.9350162426854147,-0.3546048870425359,0,0,20.10119047619047,11.3,29.2,0.0,0.0,53.27640476190476,53.69797023809524,51.67182738095238,53.4520119047619,53.435452380952384,52.59657589285714,52.75534747023809,1.0430636799033615,0.8830759265594693
2016-09-18 00:00:00+00:00,52.753458333333334,2016,9,3,37,-0.970941817426052,-0.23931566428755774,0,0,21.46607142857143,13.1,31.0,0.0,0.0,53.12014285714285,53.27640476190476,51.74010119047619,53.62673809523809,54.56171428571429,52.95865476190476,52.713863839285715,0.848234175052088,0.8529552702526783
2016-09-25 00:00:00+00:00,52.472208333333334,2016,9,3,38,-0.992708874098054,-0.12053668025532357,0,0,15.65297619047619,9.9,21.9,2.34702380952381,0.0,52.753458333333334,53.12014285714285,53.69797023809524,52.74389285714286,52.76889285714286,53.211994047619044,52.604703869047626,0.391157785849163,0.7714207648712682
2016-10-02 00:00:00+00:00,54.08543452380952,2016,10,4,39,-1.0,-1.8369701987210297e-16,0,0,16.302380952380954,9.0,24.8,1.697619047619046,0.0,52.472208333333334,52.753458333333334,53.27640476190476,51.83383333333334,53.40454761904762,52.90555357142857,52.570743303571426,0.36262939017275114,0.7703973842708481
2016-10-09 00:00:00+00:00,53.84390476190476,2016,10,4,40,-0.992708874098054,0.1205366802553232,0,0,10.719047619047618,5.7,16.4,7.280952380952382,0.0,54.08543452380952,52.472208333333334,53.12014285714285,51.67182738095238,54.71454761904762,53.10781101190476,52.85219345238095,0.7036704700480994,0.8678482920542449
2016-10-16 00:00:00+00:00,56.492202380952385,2016,10,4,41,-0.9709418174260521,0.23931566428755738,0,0,8.325,4.1,12.6,9.675,0.0,53.84390476190476,54.08543452380952,52.753458333333334,51.74010119047619,56.24397023809523,53.28875148809524,53.123703125,0.7950221174992915,0.7812637972635184
2016-10-23 00:00:00+00:00,56.93340476190476,2016,10,4,42,-0.9350162426854148,0.35460488704253557,0,0,8.020238095238096,1.9,13.9,9.979761904761904,0.0,56.492202380952385,53.84390476190476,52.472208333333334,53.69797023809524,55.76396428571428,54.2234375,53.71771577380952,1.6710463388697738,1.246838089784955
2016-10-30 00:00:00+00:00,56.78274404761905,2016,10,4,43,-0.8854560256532101,0.464723172043768,0,0,8.616071428571429,2.8,12.7,9.383928571428571,0.0,56.93340476190476,56.492202380952385,54.08543452380952,53.27640476190476,55.60158928571428,55.338736607142856,54.122145089285716,1.5998685542660167,1.6866703364581113
2016-11-06 00:00:00+00:00,56.02982142857143,2016,11,4,44,-0.822983865893657,0.5680647467311548,0,0,6.270833333333333,1.0,12.1,11.729166666666668,0.0,56.78274404761905,56.93340476190476,53.84390476190476,53.12014285714285,56.496375,56.01306398809523,54.5604375,1.457653351800137,1.8799964279837607
2016-11-13 00:00:00+00:00,59.931113095238096,2016,11,4,45,-0.7485107481711011,0.6631226582407953,0,0,0.8238095238095239,-3.8,6.2,17.176190476190477,0.0,56.02982142857143,56.78274404761905,56.492202380952385,52.753458333333334,58.491214285714285,56.559543154761904,54.92414732142857,0.3977985364829877,1.8426327353736445
2016-11-20 00:00:00+00:00,60.27217261904762,2016,11,4,46,-0.6631226582407956,0.7485107481711007,0,0,6.042261904761905,-3.8,14.0,11.957738095238096,0.0,59.931113095238096,56.02982142857143,56.93340476190476,52.472208333333334,59.382172619047616,57.419270833333336,55.82135416666667,1.7205767817200655,2.320253753801783
2016-11-27 00:00:00+00:00,59.39114285714285,2016,11,4,47,-0.5680647467311559,0.8229838658936564,0,0,4.702976190476191,-1.1,11.3,13.29702380952381,0.0,60.27217261904762,59.931113095238096,56.78274404761905,54.08543452380952,60.73266666666667,58.25396279761905,56.79634970238095,2.1600380740453553,2.3504746967379315
2016-12-04 00:00:00+00:00,61.19801785714286,2016,12,4,48,-0.4647231720437684,0.88545602565321,0,0,0.6416666666666666,-4.2,7.5,17.358333333333334,0.0,59.39114285714285,60.27217261904762,56.02982142857143,53.84390476190476,60.106678571428574,58.906062500000004,57.45956324404762,1.951499528911269,2.221267073921885
2016-12-11 00:00:00+00:00,61.379577380952384,2016,12,4,49,-0.35460488704253595,0.9350162426854147,0,0,3.860119047619047,-4.0,9.6,14.139880952380953,0.0,61.19801785714286,59.39114285714285,59.931113095238096,56.492202380952385,59.90733333333334,60.198111607142856,58.37882738095239,0.7588992711183776,2.0241709450436876
2016-12-18 00:00:00+00:00,60.407535714285714,2016,12,4,50,-0.2393156642875578,0.970941817426052,0,0,1.3392857142857142,-3.7,6.1,16.660714285714285,0.0,61.379577380952384,61.19801785714286,60.27217261904762,56.93340476190476,57.62785714285714,60.56022767857143,58.98974925595238,0.9179406813966318,2.1091710787605633
2016-12-25 00:00:00+00:00,56.62632142857143,2016,12,4,51,-0.12053668025532363,0.992708874098054,2,1,2.3232142857142857,-2.3,8.8,15.676785714285714,0.0,60.407535714285714,61.379577380952384,59.39114285714285,56.78274404761905,48.25336309523809,60.59406845238095,59.424015624999996,0.9062015247616123,1.9789277762503747
2017-01-01 00:00:00+00:00,48.6865119047619,2017,1,1,52,6.432490598706546e-16,1.0,1,1,3.370833333333333,-2.9,9.8,14.629166666666666,0.0,56.62632142857143,60.407535714285714,61.19801785714286,56.02982142857143,47.36403571428572,59.9028630952381,59.40446279761905,2.2247494753896015,2.009292866802636
2017-01-08 00:00:00+00:00,58.90288095238095,2017,1,1,1,0.12053668025532305,0.992708874098054,0,0,-2.0857142857142854,-9.0,4.2,20.085714285714285,0.0,48.6865119047619,56.62632142857143,61.379577380952384,59.931113095238096,56.615142857142864,56.77498660714286,58.48654910714286,5.768974303878563,4.225881943432278
2017-01-15 00:00:00+00:00,62.23366071428571,2017,1,1,2,0.23931566428755774,0.970941817426052,0,0,-0.7523809523809524,-6.6,3.5,18.752380952380953,0.0,58.90288095238095,48.6865119047619,60.407535714285714,60.27217261904762,59.91391071428571,56.155812499999996,58.35802008928571,5.216491969604762,4.191163439240708
2017-01-22 00:00:00+00:00,62.734077380952385,2017,1,1,3,0.3546048870425356,0.9350162426854148,0,0,-2.7910714285714286,-10.7,2.1,20.791071428571428,0.0,62.23366071428571,58.90288095238095,56.62632142857143,59.39114285714285,61.26752976190476,56.612343749999994,58.60320610119048,5.763817337579522,4.37258729757635
2017-01-29 00:00:00+00:00,63.07044642857142,2017,1,1,4,0.4647231720437685,0.8854560256532099,0,0,-1.5226190476190475,-7.0,6.4,19.52261904761905,0.0,62.734077380952385,62.23366071428571,48.6865119047619,61.19801785714286,59.185089285714284,58.13928273809523,59.02107291666667,6.5272257374355105,4.611832445216382
2017-02-05 00:00:00+00:00,61.047892857142855,2017,2,1,5,0.5680647467311558,0.8229838658936564,0,0,0.2029761904761904,-5.1,7.7,17.79702380952381,0.0,63.07044642857142,62.734077380952385,58.90288095238095,61.379577380952384,59.32980952380952,61.73526636904762,59.255126488095236,1.9192996379553708,4.782454203946468
2017-02-12 00:00:00+00:00,61.79589285714285,2017,2,1,6,0.6631226582407952,0.7485107481711011,0,0,-2.702380952380953,-6.1,1.0,20.702380952380953,0.0,61.047892857142855,63.07044642857142,62.23366071428571,60.407535714285714,58.9735119047619,62.2715193452381,59.21366592261904,0.8852380996464217,4.762802976036974
2017-02-19 00:00:00+00:00,60.665934523809526,2017,2,1,7,0.7485107481711011,0.6631226582407953,0,0,1.2130952380952382,-6.4,10.9,16.78690476190476,0.0,61.79589285714285,61.047892857142855,62.734077380952385,56.62632142857143,59.96314285714285,62.16207738095238,59.38721056547619,0.9179354707258623,4.837231708872297
2017-02-26 00:00:00+00:00,60.167023809523805,2017,2,1,8,0.8229838658936564,0.5680647467311558,0,0,5.805357142857143,-0.9,10.4,12.194642857142856,0.0,60.665934523809526,61.79589285714285,63.07044642857142,48.6865119047619,58.631726190476186,61.645041666666664,59.89216220238095,1.0598384019653981,4.717209997561691
2017-03-05 00:00:00+00:00,58.60378571428571,2017,3,1,9,0.8854560256532098,0.4647231720437686,0,0,6.585714285714286,1.0,15.0,11.414285714285716,0.0,60.167023809523805,60.665934523809526,61.047892857142855,58.90288095238095,58.698702380952376,60.919186011904756,61.32722619047619,0.6867956123463179,1.403982714525276
2017-03-12 00:00:00+00:00,58.66591666666667,2017,3,1,10,0.9350162426854148,0.35460488704253557,0,0,4.611309523809524,-1.0,9.9,13.388690476190476,0.0,58.60378571428571,60.167023809523805,61.79589285714285,62.23366071428571,58.708357142857146,60.308159226190476,61.28983928571429,1.3249104113330445,1.479704033509813
2017-03-19 00:00:00+00:00,57.60036904761904,2017,3,1,11,0.970941817426052,0.23931566428755804,0,0,5.9869047619047615,-1.1,12.1,12.01309523809524,0.0,58.66591666666667,58.60378571428571,60.665934523809526,62.734077380952385,57.62138095238095,59.52566517857143,60.8438712797619,1.0489016991728923,1.67884907475119
2017-03-26 00:00:00+00:00,57.11447023809524,2017,3,1,12,0.992708874098054,0.120536680255323,0,0,7.012499999999999,-0.3,12.8,10.9875,0.0,57.60036904761904,58.66591666666667,60.167023809523805,63.07044642857142,54.017779761904755,58.759273809523805,60.20215773809523,1.05794020208308,1.8276760020396534
2017-04-02 00:00:00+00:00,55.12839880952381,2017,4,2,13,1.0,-1.6081226496766366e-16,0,0,11.52797619047619,0.3,21.0,6.47202380952381,0.0,57.11447023809524,57.60036904761904,58.60378571428571,61.047892857142855,53.22379166666666,57.99613541666666,59.45766071428571,0.7641575564031862,1.701063722543482
2017-04-09 00:00:00+00:00,55.1238869047619,2017,4,2,14,0.992708874098054,-0.12053668025532288,0,0,9.372619047619049,4.3,16.6,8.627380952380953,0.0,55.12839880952381,57.11447023809524,58.66591666666667,61.79589285714285,54.83217857142857,57.127288690476185,58.71772395833333,1.4817676541130318,2.1410592727648536
2017-04-16 00:00:00+00:00,52.68770833333333,2017,4,2,15,0.9709418174260521,-0.2393156642875575,0,0,8.210714285714285,2.7,18.2,9.789285714285716,0.0,55.1238869047619,55.12839880952381,57.60036904761904,60.665934523809526,53.15043452380952,56.241781249999995,57.883723214285716,1.3034128406685377,2.0689896338860527
2017-04-23 00:00:00+00:00,53.893386904761904,2017,4,2,16,0.9350162426854148,-0.35460488704253545,0,0,5.185714285714286,-2.4,13.5,12.814285714285711,0.0,52.68770833333333,55.1238869047619,57.11447023809524,60.167023809523805,53.383125,55.01361607142857,56.88644494047619,1.8118838970696471,2.4280028819949986
2017-04-30 00:00:00+00:00,55.816779761904755,2017,4,2,17,0.8854560256532099,-0.4647231720437685,0,0,6.947619047619048,-0.7,13.4,11.052380952380952,0.0,53.893386904761904,52.68770833333333,55.12839880952381,58.60378571428571,54.88391071428571,54.20834523809524,56.102240327380954,1.168510514224702,2.2214142744896805
2017-05-07 00:00:00+00:00,53.79869642857143,2017,5,2,18,0.8229838658936565,-0.5680647467311557,0,0,10.623809523809523,4.7,16.4,7.376190476190477,0.0,55.816779761904755,53.893386904761904,55.1238869047619,58.66591666666667,50.6261130952381,54.38044047619047,55.75386458333333,1.3806214089731197,1.9782966263111044
2017-05-14 00:00:00+00:00,54.315494047619055,2017,5,2,19,0.7485107481711013,-0.6631226582407951,0,0,10.527380952380952,0.0,21.5,7.472619047619048,0.0,53.79869642857143,55.816779761904755,52.68770833333333,57.60036904761904,53.83086309523809,54.049142857142854,55.14546205357143,1.299362346176347,1.6808590007706046
2017-05-21 00:00:00+00:00,54.192547619047616,2017,5,2,20,0.6631226582407952,-0.7485107481711012,0,0,16.88095238095238,8.7,27.6,1.1190476190476204,0.0,54.315494047619055,53.79869642857143,53.893386904761904,57.11447023809524,51.5158630952381,54.456089285714285,54.73485267857143,0.934531064424355,1.3675048672714893
2017-05-28 00:00:00+00:00,50.713119047619045,2017,5,2,21,0.5680647467311558,-0.8229838658936564,0,0,16.86904761904762,8.4,30.1,1.1309523809523796,0.0,54.192547619047616,54.315494047619055,55.816779761904755,55.12839880952381,51.86942857142857,54.53087946428572,54.369612351190476,0.8851536379671366,0.975030989112423
2017-06-04 00:00:00+00:00,53.60283333333333,2017,6,2,22,0.46472317204376906,-0.8854560256532096,0,0,18.54583333333333,8.6,28.4,0.0,0.0,50.713119047619045,54.192547619047616,53.79869642857143,55.1238869047619,53.917023809523805,53.254964285714294,53.817702380952376,1.708840517274122,1.5589441241628843
2017-06-11 00:00:00+00:00,51.67090476190476,2017,6,2,23,0.35460488704253584,-0.9350162426854147,0,0,17.872619047619047,11.1,27.8,0.1273809523809532,0.0,53.60283333333333,50.713119047619045,54.315494047619055,52.68770833333333,53.39696428571429,53.20599851190476,53.62757068452381,1.6907774724003293,1.4669208605260136
2017-06-18 00:00:00+00:00,52.428803571428574,2017,6,2,24,0.23931566428755768,-0.970941817426052,0,0,17.82857142857143,10.9,26.1,0.1714285714285708,0.0,51.67090476190476,53.60283333333333,54.192547619047616,53.893386904761904,53.58318452380953,52.54485119047618,53.50047023809524,1.6282152538407857,1.5981668866467569
2017-06-25 00:00:00+00:00,55.39275,2017,6,2,25,0.12053668025532308,-0.992708874098054,0,0,20.013690476190476,12.2,29.5,0.0,0.0,52.428803571428574,51.67090476190476,50.713119047619045,55.816779761904755,53.794452380952386,52.10391517857143,53.317397321428565,1.2212179714395677,1.6302901660214888
2017-07-02 00:00:00+00:00,54.41000595238095,2017,7,3,26,-3.216245299353273e-16,-1.0,0,0,16.98333333333333,9.7,25.4,1.0166666666666693,0.0,55.39275,52.428803571428574,53.60283333333333,53.79869642857143,53.90750595238095,53.27382291666666,53.26439360119048,1.6208541105900487,1.5419201007558685
2017-07-09 00:00:00+00:00,54.70618452380952,2017,7,3,27,-0.12053668025532283,-0.992708874098054,0,0,17.705357142857142,10.7,25.5,0.2946428571428576,0.0,54.41000595238095,55.39275,51.67090476190476,54.315494047619055,53.99964285714286,53.475616071428576,53.340807291666664,1.722525884719373,1.5866793226700244
2017-07-16 00:00:00+00:00,54.35202380952381,2017,7,3,28,-0.23931566428755743,-0.9709418174260521,0,0,17.03035714285714,10.9,22.7,0.9696428571428584,0.0,54.70618452380952,54.41000595238095,52.428803571428574,54.192547619047616,53.4520119047619,54.23443601190476,53.38964360119048,1.2721859491442356,1.6264782174871872
2017-07-23 00:00:00+00:00,53.961916666666674,2017,7,3,29,-0.3546048870425356,-0.9350162426854148,0,0,19.96607142857143,11.3,27.3,0.0,0.0,54.35202380952381,54.70618452380952,55.39275,50.713119047619045,53.62673809523809,54.715241071428565,53.409578124999996,0.4775617330406635,1.6386563077850684
2017-07-30 00:00:00+00:00,53.00951785714286,2017,7,3,30,-0.46472317204376806,-0.8854560256532101,0,0,18.560714285714283,13.4,29.8,0.0,0.0,53.961916666666674,54.35202380952381,54.41000595238095,53.60283333333333,52.74389285714286,54.35753273809524,53.81567782738095,0.30597054878188895,1.2253985956609978
2017-08-06 00:00:00+00:00,52.79293452380952,2017,8,3,31,-0.5680647467311556,-0.8229838658936565,0,0,20.66488095238095,12.4,28.9,0.0,0.0,53.00951785714286,53.961916666666674,54.70618452380952,51.67090476190476,51.83383333333334,54.00741071428572,53.741513392857144,0.7314148127638676,1.2576508850073065
2017-08-13 00:00:00+00:00,52.11597023809524,2017,8,3,32,-0.663122658240795,-0.7485107481711013,0,0,18.526785714285715,10.4,26.4,0.0,0.0,52.79293452380952,53.00951785714286,54.35202380952381,52.428803571428574,51.67182738095238,53.52909821428572,53.881767113095236,0.7475379755622662,1.0369469720442217
2017-08-20 00:00:00+00:00,52.12197023809524,2017,8,3,33,-0.7485107481711011,-0.6631226582407952,0,0,19.000595238095237,11.8,26.3,0.0,0.0,52.11597023809524,52.79293452380952,53.961916666666674,55.39275,51.74010119047619,52.97008482142857,53.842662946428575,0.7629284201772805,1.103340099319428
2017-08-27 00:00:00+00:00,52.42855952380952,2017,8,3,34,-0.8229838658936564,-0.5680647467311559,0,0,16.757142857142856,9.5,23.3,1.2428571428571438,0.0,52.12197023809524,52.11597023809524,53.00951785714286,54.41000595238095,53.69797023809524,52.51009821428572,53.433815476190475,0.46021608880086895,1.0516843031785104
2017-09-03 00:00:00+00:00,52.758785714285715,2017,9,3,35,-0.8854560256532096,-0.4647231720437691,0,0,17.708333333333332,10.2,29.3,0.2916666666666678,0.0,52.42855952380952,52.12197023809524,52.79293452380952,54.70618452380952,53.27640476190476,52.36485863095238,53.18613467261905,0.3205448368424743,1.0218403953647652
2017-09-10 00:00:00+00:00,53.584172619047614,2017,9,3,36,-0.9350162426854147,-0.3546048870425359,0,0,15.447619047619046,9.3,21.9,2.552380952380954,0.0,52.758785714285715,52.42855952380952,52.11597023809524,54.35202380952381,53.12014285714285,52.35632142857143,52.942709821428565,0.3054423125672022,0.8200291695040146
2017-09-17 00:00:00+00:00,54.84592261904762,2017,9,3,37,-0.970941817426052,-0.23931566428755774,0,0,13.326190476190478,5.8,20.0,4.673809523809522,0.0,53.584172619047614,52.758785714285715,52.12197023809524,53.961916666666674,52.753458333333334,52.723372023809524,52.84672842261905,0.6300344731973678,0.661032098227677
2017-09-24 00:00:00+00:00,54.23418452380953,2017,9,3,38,-0.992708874098054,-0.12053668025532357,0,0,12.504761904761908,6.6,17.2,5.4952380952380935,0.0,54.84592261904762,53.584172619047614,52.42855952380952,53.00951785714286,52.472208333333334,53.40436011904761,52.957229166666664,1.0769382666171003,0.9035006003715322
2017-10-01 00:00:00+00:00,54.80769047619048,2017,10,4,39,-1.0,-1.8369701987210297e-16,0,0,14.515476190476187,10.3,19.9,3.484523809523811,0.0,54.23418452380953,54.84592261904762,52.758785714285715,52.79293452380952,54.08543452380952,53.85576636904762,53.11031249999999,0.8945649633999145,1.0109824193420287
2017-10-08 00:00:00+00:00,53.560232142857146,2017,10,4,40,-0.992708874098054,0.1205366802553232,0,0,11.446428571428571,6.2,16.0,6.553571428571429,0.0,54.80769047619048,54.23418452380953,53.584172619047614,52.11597023809524,53.84390476190476,54.36799255952381,53.362156994047616,0.5927421275245918,1.1605144294270988
2017-10-15 00:00:00+00:00,56.333398809523814,2017,10,4,41,-0.9709418174260521,0.23931566428755738,0,0,13.058333333333334,4.8,20.7,4.941666666666666,0.0,53.560232142857146,54.80769047619048,54.84592261904762,52.12197023809524,56.492202380952385,54.36200744047619,53.542689732142854,0.6033212505988488,1.0456079546663615
2017-10-22 00:00:00+00:00,56.55730952380953,2017,10,4,42,-0.9350162426854148,0.35460488704253557,0,0,13.326190476190478,8.2,21.3,4.673809523809522,0.0,56.333398809523814,53.560232142857146,54.23418452380953,52.42855952380952,56.93340476190476,54.73387648809525,54.06911830357143,1.181955056938555,1.2652311427058858
2017-10-29 00:00:00+00:00,57.687714285714286,2017,10,4,43,-0.8854560256532101,0.464723172043768,0,0,10.861309523809524,5.5,17.0,7.138690476190476,0.0,56.55730952380953,56.333398809523814,54.80769047619048,52.758785714285715,56.78274404761905,55.31465773809524,54.58521205357143,1.404402815555941,1.3402829807604821
2017-11-05 00:00:00+00:00,53.707708333333336,2017,11,4,44,-0.822983865893657,0.5680647467311548,0,0,8.34702380952381,2.9,12.9,9.65297619047619,0.0,57.687714285714286,56.55730952380953,53.560232142857146,53.584172619047614,56.02982142857143,56.034663690476194,55.201328125,1.7528823018791129,1.503681391948611
2017-11-12 00:00:00+00:00,59.21035714285714,2017,11,4,45,-0.7485107481711011,0.6631226582407953,0,0,6.008928571428571,1.8,9.5,11.991071428571429,0.0,53.707708333333336,57.687714285714286,56.333398809523814,54.84592261904762,59.931113095238096,56.07153273809524,55.21677008928572,1.6836727251574313,1.4852226681057346
2017-11-19 00:00:00+00:00,59.97938095238095,2017,11,4,46,-0.6631226582407956,0.7485107481711007,0,0,5.167857142857143,-0.5,9.3,12.832142857142856,0.0,59.21035714285714,53.707708333333336,56.55730952380953,54.23418452380953,60.27217261904762,56.79077232142857,55.76232440476191,2.3251296758064126,2.0308822233621795
2017-11-26 00:00:00+00:00,60.69883333333333,2017,11,4,47,-0.5680647467311559,0.8229838658936564,0,0,5.755952380952381,0.2,13.2,12.24404761904762,0.0,59.97938095238095,59.21035714285714,57.687714285714286,54.80769047619048,59.39114285714285,57.64629017857143,56.48047395833334,2.793072438247764,2.3962417722008054
2017-12-03 00:00:00+00:00,61.95860119047619,2017,12,4,48,-0.4647231720437684,0.88545602565321,0,0,2.0428571428571427,-1.9,6.7,15.957142857142856,0.0,60.69883333333333,59.97938095238095,53.707708333333336,53.560232142857146,61.19801785714286,58.39906994047619,57.216866815476195,3.1860819832094647,2.6952863122228963
2017-12-10 00:00:00+00:00,63.12195833333333,2017,12,4,49,-0.35460488704253595,0.9350162426854147,0,0,3.6958333333333337,-1.0,7.1,14.304166666666667,0.0,61.95860119047619,60.69883333333333,59.21035714285714,56.333398809523814,61.379577380952384,60.46179315476191,58.266662946428575,1.168394335107877,2.703132324744464
2017-12-17 00:00:00+00:00,62.71340476190477,2017,12,4,50,-0.2393156642875578,0.970941817426052,0,0,2.149404761904762,-1.4,6.7,15.850595238095238,0.0,63.12195833333333,61.95860119047619,59.97938095238095,56.55730952380953,60.407535714285714,61.43969345238095,59.115232886904764,1.3881242360340251,3.0524998204180913
2017-12-24 00:00:00+00:00,57.949869047619046,2017,12,4,51,-0.12053668025532363,0.992708874098054,2,1,3.8904761904761904,-3.5,9.0,14.10952380952381,0.0,62.71340476190477,63.12195833333333,60.69883333333333,57.687714285714286,56.62632142857143,62.123199404761905,59.88474479166667,1.0648588386240512,3.0912541702029
2017-12-31 00:00:00+00:00,48.223803571428576,2017,12,4,52,6.432490598706546e-16,1.0,2,1,4.1797619047619055,-1.9,11.2,13.820238095238096,0.0,57.949869047619046,62.71340476190477,61.95860119047619,53.707708333333336,48.6865119047619,61.43595833333333,59.917514136904764,2.3734952736394965,3.0659227665814583
2018-01-07 00:00:00+00:00,54.85843452380953,2018,1,1,1,0.12053668025532305,0.992708874098054,1,1,4.819047619047619,-3.2,11.9,13.18095238095238,0.0,48.223803571428576,57.949869047619046,63.12195833333333,59.21035714285714,58.90288095238095,58.00225892857143,59.232026041666664,6.92885634933877,4.784218164457152
2018-01-14 00:00:00+00:00,60.05204761904762,2018,1,1,2,0.23931566428755774,0.970941817426052,0,0,0.1583333333333333,-4.7,5.3,17.841666666666665,0.0,54.85843452380953,48.223803571428576,62.71340476190477,59.97938095238095,62.23366071428571,55.936377976190485,58.68803571428571,6.072561359221523,5.028229360740309
2018-01-21 00:00:00+00:00,61.86826785714286,2018,1,1,3,0.3546048870425356,0.9350162426854148,0,0,0.7297619047619047,-4.0,5.6,17.270238095238096,0.0,60.05204761904762,54.85843452380953,57.949869047619046,60.69883333333333,62.734077380952385,55.271038690476196,58.69711904761905,5.159713928727653,5.030960280762961
2018-01-28 00:00:00+00:00,60.128232142857144,2018,1,1,4,0.4647231720437685,0.8854560256532099,0,0,5.2214285714285715,-3.8,10.4,12.778571428571428,0.0,61.86826785714286,60.05204761904762,48.223803571428576,61.95860119047619,63.07044642857142,56.25063839285715,58.84329836309524,6.1203698626381176,5.11373929413453
2018-02-04 00:00:00+00:00,60.81609523809524,2018,2,1,5,0.5680647467311558,0.8229838658936564,0,0,3.2369047619047615,-4.8,10.0,14.76309523809524,0.0,60.128232142857144,61.86826785714286,54.85843452380953,63.12195833333333,61.047892857142855,59.22674553571429,58.614502232142854,3.0305985604028733,4.993988797035376
2018-02-11 00:00:00+00:00,61.24415476190476,2018,2,1,6,0.6631226582407952,0.7485107481711011,0,0,-2.2910714285714286,-7.5,4.3,20.291071428571428,0.0,60.81609523809524,60.128232142857144,60.05204761904762,62.71340476190477,61.79589285714285,60.716160714285714,58.326269345238096,0.8414360712581181,4.757620870281332
2018-02-18 00:00:00+00:00,60.73777380952381,2018,2,1,7,0.7485107481711011,0.6631226582407953,0,0,0.3982142857142857,-5.3,6.4,17.601785714285715,0.0,61.24415476190476,60.81609523809524,61.86826785714286,57.949869047619046,60.665934523809526,61.0141875,58.14261309523809,0.7317776613800836,4.589459283629762
2018-02-25 00:00:00+00:00,60.69296428571428,2018,2,1,8,0.8229838658936564,0.5680647467311558,0,0,-1.8178571428571424,-8.2,4.2,19.817857142857143,0.0,60.73777380952381,61.24415476190476,60.128232142857144,48.223803571428576,60.167023809523805,60.73156398809524,58.49110119047619,0.45968928309762547,4.677730109748986
2018-03-04 00:00:00+00:00,63.44200595238095,2018,3,1,9,0.8854560256532098,0.4647231720437686,0,0,-7.089285714285714,-12.4,3.5,25.089285714285715,0.0,60.69296428571428,60.73777380952381,60.81609523809524,54.85843452380953,58.60378571428571,60.872747023809524,60.049746279761905,0.25277970266353483,2.176626401265463
2018-03-11 00:00:00+00:00,59.17857142857143,2018,3,1,10,0.9350162426854148,0.35460488704253557,0,0,3.3797619047619043,-3.2,15.7,14.620238095238095,0.0,63.44200595238095,60.69296428571428,61.24415476190476,60.05204761904762,58.66591666666667,61.52922470238095,61.12269270833333,1.2994515486165221,1.1027182689748114
2018-03-18 00:00:00+00:00,60.88598809523809,2018,3,1,11,0.970941817426052,0.23931566428755804,0,0,2.1226190476190476,-6.0,10.9,15.877380952380951,0.0,59.17857142857143,63.44200595238095,60.73777380952381,61.86826785714286,57.60036904761904,61.01282886904762,61.01350818452381,1.7742012566765142,1.2564047133678686
2018-03-25 00:00:00+00:00,60.75360714285714,2018,3,1,12,0.992708874098054,0.120536680255323,0,0,1.2845238095238096,-6.1,9.9,16.715476190476192,0.0,60.88598809523809,59.17857142857143,60.69296428571428,60.128232142857144,57.11447023809524,61.04988244047619,60.890723214285714,1.7680791578325983,1.208003530642642
2018-04-01 00:00:00+00:00,55.40161904761904,2018,4,2,13,1.0,-1.6081226496766366e-16,0,0,3.297619047619047,-2.0,9.6,14.702380952380953,0.0,60.75360714285714,60.88598809523809,63.44200595238095,60.81609523809524,55.12839880952381,61.0650431547619,60.96889508928571,1.7642544052031437,1.1712892260254577
2018-04-08 00:00:00+00:00,54.534148809523806,2018,4,2,14,0.992708874098054,-0.12053668025532288,0,0,9.555952380952382,-1.4,19.4,8.444047619047618,0.0,55.40161904761904,60.75360714285714,59.17857142857143,61.24415476190476,55.1238869047619,59.05494642857143,60.292085565476185,2.556054635590451,2.296272595641558
2018-04-15 00:00:00+00:00,56.09988095238096,2018,4,2,15,0.9709418174260521,-0.2393156642875575,0,0,14.429761904761904,5.3,22.1,3.5702380952380963,0.0,54.534148809523806,55.40161904761904,60.88598809523809,60.73777380952381,52.68770833333333,57.89384077380952,59.45333482142857,3.3975436473061453,3.012579632144821
2018-04-22 00:00:00+00:00,54.434273809523816,2018,4,2,16,0.9350162426854148,-0.35460488704253545,0,0,14.77857142857143,6.2,25.5,3.2214285714285698,0.0,56.09988095238096,54.534148809523806,60.75360714285714,60.69296428571428,53.893386904761904,56.69731398809523,58.873598214285714,2.7790015807894783,3.1721233390832344
2018-04-29 00:00:00+00:00,55.34271428571428,2018,4,2,17,0.8854560256532099,-0.4647231720437685,0,0,13.138095238095238,4.9,22.3,4.861904761904762,0.0,54.434273809523816,56.09988095238096,55.40161904761904,63.44200595238095,55.816779761904755,55.117480654761906,58.09126190476191,0.7858949476247562,3.421312880997387
2018-05-06 00:00:00+00:00,52.813136904761905,2018,5,2,18,0.8229838658936565,-0.5680647467311557,0,0,12.94702380952381,4.4,22.8,5.0529761904761905,0.0,55.34271428571428,54.434273809523816,54.534148809523806,59.17857142857143,53.79869642857143,55.10275446428571,57.078850446428575,0.7793203717725548,2.742832458585082
2018-05-13 00:00:00+00:00,52.85682142857143,2018,5,2,19,0.7485107481711013,-0.6631226582407951,0,0,18.17738095238095,8.9,25.7,0.0,0.0,52.813136904761905,55.34271428571428,56.09988095238096,60.88598809523809,54.315494047619055,54.672501488095236,56.28317113095238,1.414282669736197,2.9612870875243567
2018-05-20 00:00:00+00:00,55.36916666666667,2018,5,2,20,0.6631226582407952,-0.7485107481711012,0,0,15.955357142857142,8.0,23.6,2.0446428571428577,0.0,52.85682142857143,52.813136904761905,54.434273809523816,60.75360714285714,54.192547619047616,53.86173660714286,55.27952529761905,1.2423780402240616,2.5037131598978695
2018-05-27 00:00:00+00:00,53.64008928571428,2018,5,2,21,0.5680647467311558,-0.8229838658936564,0,0,19.44761904761905,10.5,27.0,0.0,0.0,55.36916666666667,52.85682142857143,55.34271428571428,55.40161904761904,50.713119047619045,54.09545982142857,54.60647023809524,1.455627007759269,1.2129359735072116
2018-06-03 00:00:00+00:00,53.981648809523804,2018,6,2,22,0.46472317204376906,-0.8854560256532096,0,0,23.746428571428577,17.7,31.1,0.0,0.0,53.64008928571428,55.36916666666667,52.813136904761905,54.534148809523806,53.60283333333333,53.669803571428574,54.38627901785715,1.1949247689867726,1.2078465405643775
2018-06-10 00:00:00+00:00,56.448547619047616,2018,6,2,23,0.35460488704253584,-0.9350162426854147,0,0,21.107142857142858,12.3,30.4,0.0,0.0,53.981648809523804,53.64008928571428,52.85682142857143,56.09988095238096,51.67090476190476,53.96193154761905,54.31721651785715,1.0496904730231549,1.2139637531557346
2018-06-17 00:00:00+00:00,55.91553571428571,2018,6,2,24,0.23931566428755768,-0.970941817426052,0,0,18.683928571428577,12.7,25.8,0.0,0.0,56.448547619047616,53.981648809523804,55.36916666666667,54.434273809523816,52.428803571428574,54.8598630952381,54.36079985119047,1.296458910789226,1.2909265597713595
2018-06-24 00:00:00+00:00,56.29283928571429,2018,6,2,25,0.12053668025532308,-0.992708874098054,0,0,17.373809523809523,10.2,26.7,0.6261904761904766,0.0,55.91553571428571,56.448547619047616,53.64008928571428,55.34271428571428,55.39275,54.99645535714286,54.54595758928571,1.3931788457555538,1.404227177219389
2018-07-01 00:00:00+00:00,55.683684523809525,2018,7,3,26,-3.216245299353273e-16,-1.0,0,0,18.02202380952381,10.0,28.4,0.0,0.0,56.29283928571429,55.91553571428571,53.981648809523804,52.813136904761905,54.41000595238095,55.659642857142856,54.664723214285715,1.1408262530133346,1.5169005050360793
2018-07-08 00:00:00+00:00,55.95719642857142,2018,7,3,27,-0.12053668025532283,-0.992708874098054,0,0,20.291666666666668,8.7,30.1,0.0,0.0,55.683684523809525,56.29283928571429,56.448547619047616,52.85682142857143,54.70618452380952,56.08515178571428,55.02354166666667,0.3488725667100836,1.3462548490316644
2018-07-15 00:00:00+00:00,53.87878571428572,2018,7,3,28,-0.23931566428755743,-0.9709418174260521,0,0,18.15357142857143,11.7,25.5,0.0,0.0,55.95719642857142,55.683684523809525,55.91553571428571,55.36916666666667,54.35202380952381,55.96231398809523,55.411088541666665,0.2510615774735549,1.0462387607497785
2018-07-22 00:00:00+00:00,53.46576785714286,2018,7,3,29,-0.3546048870425356,-0.9350162426854148,0,0,20.99047619047619,12.6,27.3,0.0,0.0,53.87878571428572,55.95719642857142,56.29283928571429,53.64008928571428,53.961916666666674,55.453126488095236,55.22479092261904,1.078719915345402,1.1790340416605143
2018-07-29 00:00:00+00:00,55.10847619047619,2018,7,3,30,-0.46472317204376806,-0.8854560256532101,0,0,24.583928571428572,17.3,32.2,0.0,0.0,53.46576785714286,53.87878571428572,55.683684523809525,53.981648809523804,53.00951785714286,54.74635863095238,55.203000744047614,1.2566229210682796,1.2136093317968928
2018-08-05 00:00:00+00:00,54.967077380952375,2018,8,3,31,-0.5680647467311556,-0.8229838658936565,0,0,26.36964285714286,18.2,34.8,0.0,0.0,55.10847619047619,53.46576785714286,55.95719642857142,56.448547619047616,52.79293452380952,54.602556547619045,55.34385416666667,1.1412181559008876,1.1128117618721054
2018-08-12 00:00:00+00:00,54.29031547619047,2018,8,3,32,-0.663122658240795,-0.7485107481711013,0,0,24.11845238095238,12.7,36.6,0.0,0.0,54.967077380952375,55.10847619047619,53.87878571428572,55.91553571428571,52.11597023809524,54.35502678571429,55.15867038690476,0.8082654136742875,1.022302651982343
2018-08-19 00:00:00+00:00,53.30570238095238,2018,8,3,33,-0.7485107481711011,-0.6631226582407952,0,0,22.11845238095238,14.4,31.4,0.0,0.0,54.29031547619047,54.967077380952375,53.46576785714286,56.29283928571429,52.12197023809524,54.45790922619047,54.95551785714285,0.7516474674690177,1.011840367853956
2018-08-26 00:00:00+00:00,54.65057142857143,2018,8,3,34,-0.8229838658936564,-0.5680647467311559,0,0,19.81845238095238,10.7,33.4,0.0,0.0,53.30570238095238,54.29031547619047,55.10847619047619,55.683684523809525,52.42855952380952,54.41789285714286,54.582125744047616,0.8229525350688128,0.9989162449746167
2018-09-02 00:00:00+00:00,54.58705357142857,2018,9,3,35,-0.8854560256532096,-0.4647231720437691,0,0,17.767261904761906,9.4,26.4,0.2327380952380942,0.0,54.65057142857143,53.30570238095238,54.967077380952375,55.95719642857142,52.758785714285715,54.303416666666664,54.452986607142854,0.7203164604322645,0.8978286015504837
2018-09-09 00:00:00+00:00,54.906511904761906,2018,9,3,36,-0.9350162426854147,-0.3546048870425359,0,0,19.27261904761905,11.0,27.7,0.0,0.0,54.58705357142857,54.65057142857143,54.29031547619047,53.87878571428572,53.584172619047614,54.20841071428571,54.281718749999996,0.6219504898876324,0.672239191831821
2018-09-16 00:00:00+00:00,55.12004761904762,2018,9,3,37,-0.970941817426052,-0.23931566428755774,0,0,17.711309523809526,10.0,26.7,0.2886904761904745,0.0,54.906511904761906,54.58705357142857,53.30570238095238,53.46576785714286,54.84592261904762,54.36245982142857,54.41018452380952,0.7179089097487766,0.6823617109387108
2018-09-23 00:00:00+00:00,56.60389285714285,2018,9,3,38,-0.992708874098054,-0.12053668025532357,0,0,18.311904761904763,9.0,30.0,0.0,0.0,55.12004761904762,54.906511904761906,54.65057142857143,55.10847619047619,54.23418452380953,54.81604613095239,54.616969494047616,0.24523487411053824,0.6010972246363487
2018-09-30 00:00:00+00:00,56.12404166666666,2018,9,3,39,-1.0,-1.8369701987210297e-16,0,0,11.404166666666669,4.8,21.9,6.595833333333333,0.0,56.60389285714285,55.12004761904762,54.58705357142857,54.967077380952375,54.80769047619048,55.30437648809524,54.80389657738095,0.8936010144042908,0.922417387440668
2018-10-07 00:00:00+00:00,54.287059523809525,2018,10,4,40,-0.992708874098054,0.1205366802553232,0,0,11.30952380952381,3.8,21.9,6.69047619047619,0.0,56.12404166666666,56.60389285714285,54.906511904761906,54.29031547619047,53.560232142857146,55.688623511904765,54.948517113095235,0.8087612041047261,1.0354302862563731
2018-10-14 00:00:00+00:00,55.84894047619047,2018,10,4,41,-0.9709418174260521,0.23931566428755738,0,0,14.545833333333333,2.9,24.0,3.4541666666666675,0.0,54.287059523809525,56.12404166666666,55.12004761904762,53.30570238095238,56.333398809523814,55.53376041666667,54.94811011904761,1.03586305231043,1.0357265611516386
2018-10-21 00:00:00+00:00,55.762125000000005,2018,10,4,42,-0.9350162426854148,0.35460488704253557,0,0,11.88452380952381,3.5,21.5,6.1154761904761905,0.0,55.84894047619047,54.287059523809525,56.60389285714285,54.65057142857143,56.55730952380953,55.71598363095238,55.266014880952376,1.0023964254284041,0.8293363284136213
2018-10-28 00:00:00+00:00,58.68471428571428,2018,10,4,43,-0.8854560256532101,0.464723172043768,0,0,8.842261904761905,3.1,12.3,9.157738095238097,0.0,55.762125000000005,55.84894047619047,56.12404166666666,54.58705357142857,57.687714285714286,55.505541666666666,55.40495907738095,0.8268411237532308,0.804230058481799
2018-11-04 00:00:00+00:00,55.91758928571429,2018,11,4,44,-0.822983865893657,0.5680647467311548,0,0,8.76845238095238,4.2,19.9,9.23154761904762,0.0,58.68471428571428,55.762125000000005,54.287059523809525,54.906511904761906,53.707708333333336,56.14570982142857,55.91716666666667,1.8381452570463404,1.3371864814125123
2018-11-11 00:00:00+00:00,58.163470238095236,2018,11,4,45,-0.7485107481711011,0.6631226582407953,0,0,9.694642857142858,3.9,16.4,8.305357142857142,0.0,55.91758928571429,58.68471428571428,55.84894047619047,55.12004761904762,59.21035714285714,56.55334226190476,56.04355133928571,1.4223378855329443,1.2743214580747608
2018-11-18 00:00:00+00:00,59.69608333333333,2018,11,4,46,-0.6631226582407956,0.7485107481711007,0,0,6.531547619047619,-4.1,14.3,11.468452380952382,0.0,58.163470238095236,55.91758928571429,55.762125000000005,56.60389285714285,59.97938095238095,57.13197470238095,56.42397916666667,1.5084432815737887,1.4066505612897948
2018-11-25 00:00:00+00:00,61.5533630952381,2018,11,4,47,-0.5680647467311559,0.8229838658936564,0,0,2.2101190476190475,-1.9,5.9,15.789880952380951,0.0,59.69608333333333,58.163470238095236,58.68471428571428,56.12404166666666,60.69883333333333,58.11546428571428,56.81050297619048,1.597431398974244,1.825601744627327
2018-12-02 00:00:00+00:00,62.379154761904765,2018,12,4,48,-0.4647231720437684,0.88545602565321,0,0,1.5732142857142857,-3.5,9.3,16.426785714285714,0.0,61.5533630952381,59.69608333333333,55.91758928571429,54.287059523809525,61.95860119047619,58.83262648809524,57.4891681547619,2.386990950074763,2.439805428203546
2018-12-09 00:00:00+00:00,62.32269047619047,2018,12,4,49,-0.35460488704253595,0.9350162426854147,0,0,6.5625,-0.5,12.4,11.4375,0.0,62.379154761904765,61.5533630952381,58.163470238095236,55.84894047619047,63.12195833333333,60.44801785714286,58.50068005952381,1.8917048036192656,2.5950990170554915
2018-12-16 00:00:00+00:00,63.2435,2018,12,4,50,-0.2393156642875578,0.970941817426052,0,0,1.1047619047619048,-2.5,5.4,16.895238095238096,0.0,62.32269047619047,62.379154761904765,59.69608333333333,55.762125000000005,62.71340476190477,61.487822916666666,59.30989880952381,1.2524778840062911,2.6586552262035372
2018-12-23 00:00:00+00:00,59.40855952380953,2018,12,4,51,-0.12053668025532363,0.992708874098054,2,1,3.697619047619048,-2.3,10.2,14.302380952380952,0.0,63.2435,62.32269047619047,61.5533630952381,58.68471428571428,57.949869047619046,62.37467708333333,60.24507068452381,0.6909251248621378,2.5458448252167445
2018-12-30 00:00:00+00:00,49.075583333333334,2018,12,4,52,6.432490598706546e-16,1.0,2,1,5.0130952380952385,0.1,7.6,12.98690476190476,0.0,59.40855952380953,63.2435,62.379154761904765,55.91758928571429,48.223803571428576,61.83847619047619,60.335551339285715,1.6738561969663885,2.494818228654421
2019-01-06 00:00:00+00:00,53.805875,2019,1,1,1,0.12053668025532305,0.992708874098054,1,1,2.9333333333333336,-3.1,7.6,15.066666666666666,0.0,49.075583333333334,59.40855952380953,62.32269047619047,58.163470238095236,54.85843452380953,58.51258333333333,59.4803005952381,6.500211055058063,4.551070298997288
2019-01-13 00:00:00+00:00,62.37220238095239,2019,1,1,2,0.23931566428755774,0.970941817426052,0,0,3.1845238095238093,-0.9,7.5,14.81547619047619,0.0,53.805875,49.075583333333334,63.2435,59.69608333333333,60.05204761904762,56.38337946428571,58.93560119047619,6.2252277525149,4.972455130572873
2019-01-20 00:00:00+00:00,62.42349404761905,2019,1,1,3,0.3546048870425356,0.9350162426854148,0,0,1.6220238095238095,-6.1,6.9,16.37797619047619,0.0,62.37220238095239,53.805875,59.40855952380953,61.5533630952381,61.86826785714286,56.16555505952381,59.270116071428575,5.91256678579528,5.118787010151533
2019-01-27 00:00:00+00:00,63.58701190476191,2019,1,1,4,0.4647231720437685,0.8854560256532099,0,0,-2.3166666666666664,-7.2,5.1,20.316666666666663,0.0,62.42349404761905,62.37220238095239,49.075583333333334,62.379154761904765,60.128232142857144,56.91928869047619,59.3788824404762,6.6143178753141205,5.183074072563696
2019-02-03 00:00:00+00:00,62.08876785714286,2019,2,1,5,0.5680647467311558,0.8229838658936564,0,0,0.3238095238095238,-3.8,4.8,17.676190476190477,0.0,63.58701190476191,62.42349404761905,53.805875,62.32269047619047,60.81609523809524,60.54714583333334,59.529864583333335,4.529055538182913,5.299247286408291
2019-02-10 00:00:00+00:00,62.35953571428571,2019,2,1,6,0.6631226582407952,0.7485107481711011,0,0,3.7773809523809527,-2.0,9.9,14.222619047619048,0.0,62.08876785714286,63.58701190476191,62.37220238095239,63.2435,61.24415476190476,62.61786904761905,59.50062425595239,0.6626511649059552,5.282253606456739
2019-02-17 00:00:00+00:00,60.79900595238095,2019,2,1,7,0.7485107481711011,0.6631226582407953,0,0,4.608928571428571,-2.1,13.9,13.39107142857143,0.0,62.35953571428571,62.08876785714286,62.42349404761905,59.40855952380953,60.73777380952381,62.61470238095239,59.390128720238096,0.6642448313542603,5.2014009640862815
2019-02-24 00:00:00+00:00,59.46751785714285,2019,2,1,8,0.8229838658936564,0.5680647467311558,0,0,4.1970238095238095,-4.8,13.0,13.80297619047619,0.0,60.79900595238095,62.35953571428571,63.58701190476191,49.075583333333334,60.69296428571428,62.20858035714286,59.56393452380952,1.1436951938112299,5.225281012624697
2019-03-03 00:00:00+00:00,58.48182142857143,2019,3,1,9,0.8854560256532098,0.4647231720437686,0,0,5.943452380952381,-1.6,14.2,12.05654761904762,0.0,59.46751785714285,60.79900595238095,62.08876785714286,53.805875,63.44200595238095,61.178706845238096,60.862926339285714,1.3285215321781432,3.1082764910047067
2019-03-10 00:00:00+00:00,58.99095238095238,2019,3,1,10,0.9350162426854148,0.35460488704253557,0,0,7.32797619047619,1.3,16.1,10.672023809523813,0.0,58.48182142857143,59.46751785714285,62.35953571428571,62.37220238095239,59.17857142857143,60.27697023809524,61.44741964285714,1.682000064900577,1.7223035582316677
2019-03-17 00:00:00+00:00,60.07891071428571,2019,3,1,11,0.970941817426052,0.23931566428755804,0,0,6.094642857142857,1.1,12.5,11.905357142857143,0.0,58.99095238095238,58.48182142857143,60.79900595238095,62.42349404761905,60.88598809523809,59.434824404761905,61.02476339285714,0.994534598500446,1.8713711045915267
2019-03-24 00:00:00+00:00,57.6493630952381,2019,3,1,12,0.992708874098054,0.120536680255323,0,0,7.292857142857143,-2.0,16.8,10.707142857142856,0.0,60.07891071428571,58.99095238095238,59.46751785714285,63.58701190476191,60.75360714285714,59.254800595238095,60.73169047619047,0.6810577053654822,1.8033803436413052
2019-03-31 00:00:00+00:00,56.7715119047619,2019,3,1,13,1.0,-1.6081226496766366e-16,0,0,7.386309523809524,0.5,16.9,10.613690476190476,0.0,57.6493630952381,60.07891071428571,58.48182142857143,62.08876785714286,55.40161904761904,58.8002619047619,59.989484375,1.016083664935723,1.6778467108843262
2019-04-07 00:00:00+00:00,56.43385714285715,2019,4,2,14,0.992708874098054,-0.12053668025532288,0,0,10.882142857142858,-1.5,20.0,7.117857142857142,0.0,56.7715119047619,57.6493630952381,58.99095238095238,62.35953571428571,54.534148809523806,58.372684523809525,59.32482738095238,1.4583564494849046,1.7776546112986147
2019-04-14 00:00:00+00:00,56.76597023809524,2019,4,2,15,0.9709418174260521,-0.2393156642875575,0,0,5.508928571428571,0.6,18.2,12.491071428571429,0.0,56.43385714285715,56.7715119047619,60.07891071428571,60.79900595238095,56.09988095238096,57.73341071428571,58.58411755952381,1.6454506026257836,1.5528516326958122
2019-04-21 00:00:00+00:00,51.656261904761905,2019,4,2,16,0.9350162426854148,-0.35460488704253545,0,0,11.236904761904762,1.2,20.9,6.763095238095238,0.0,56.76597023809524,56.43385714285715,57.6493630952381,59.46751785714285,54.434273809523816,56.9051755952381,58.0799880952381,0.5206407053879792,1.375613852985485
2019-04-28 00:00:00+00:00,52.33675,2019,4,2,17,0.8854560256532099,-0.4647231720437685,0,0,15.064880952380951,7.1,25.2,2.9351190476190467,0.0,51.656261904761905,56.76597023809524,56.7715119047619,58.48182142857143,55.34271428571428,55.406900297619046,57.10358110119048,2.5054051340658385,2.534286281424546
2019-05-05 00:00:00+00:00,53.123172619047615,2019,5,2,18,0.8229838658936565,-0.5680647467311557,0,0,9.343452380952382,0.2,17.3,8.656547619047618,0.0,52.33675,51.656261904761905,56.43385714285715,58.99095238095238,52.813136904761905,54.29820982142857,56.33544717261905,2.6756958210933597,2.953475995283081
2019-05-12 00:00:00+00:00,56.023577380952375,2019,5,2,19,0.7485107481711013,-0.6631226582407951,0,0,10.54642857142857,1.7,18.0,7.453571428571429,0.0,53.123172619047615,52.33675,56.76597023809524,60.07891071428571,52.85682142857143,53.47053869047619,55.60197470238096,2.277250485596998,2.928292729372074
2019-05-19 00:00:00+00:00,55.28559523809523,2019,5,2,20,0.6631226582407952,-0.7485107481711012,0,0,12.167261904761904,3.2,23.7,5.832738095238096,0.0,56.023577380952375,53.123172619047615,51.656261904761905,57.6493630952381,55.36916666666667,53.28494047619047,55.09505803571429,1.9216277825406671,2.333096191470738
2019-05-26 00:00:00+00:00,54.94535119047619,2019,5,2,21,0.5680647467311558,-0.8229838658936564,0,0,15.835714285714284,8.3,24.6,2.1642857142857146,0.0,55.28559523809523,56.023577380952375,52.33675,56.7715119047619,53.64008928571428,54.19227380952381,54.79958705357143,1.7449900171717647,2.101590219288423
2019-06-02 00:00:00+00:00,51.30880357142858,2019,6,2,22,0.46472317204376906,-0.8854560256532096,0,0,17.90297619047619,6.7,30.5,0.0970238095238116,0.0,54.94535119047619,55.28559523809523,53.123172619047615,56.43385714285715,53.981648809523804,54.844424107142856,54.571316964285714,1.2326025814432298,1.9505556660393064
2019-06-09 00:00:00+00:00,54.52816071428571,2019,6,2,23,0.35460488704253584,-0.9350162426854147,0,0,22.949404761904763,12.3,33.6,0.0,0.0,51.30880357142858,54.94535119047619,56.023577380952375,56.76597023809524,56.448547619047616,54.39083184523809,53.93068526785714,2.1033980046895766,2.0882096844034326
2019-06-16 00:00:00+00:00,52.28670833333333,2019,6,2,24,0.23931566428755768,-0.970941817426052,0,0,22.527380952380952,14.7,33.1,0.0,0.0,54.52816071428571,51.30880357142858,55.28559523809523,51.656261904761905,55.91553571428571,54.01697767857143,53.650959077380946,1.8318281379120507,1.781512195370405
2019-06-23 00:00:00+00:00,52.54121428571428,2019,6,2,25,0.12053668025532308,-0.992708874098054,0,0,22.27797619047619,14.3,30.9,0.0,0.0,52.28670833333333,54.52816071428571,54.94535119047619,52.33675,56.29283928571429,53.26725595238096,53.72976488095238,1.7514654633943105,1.6923854829602474
2019-06-30 00:00:00+00:00,55.95528571428571,2019,6,2,26,-3.216245299353273e-16,-1.0,0,0,24.574404761904763,13.3,37.4,0.0,0.0,52.54121428571428,52.28670833333333,51.30880357142858,53.123172619047615,55.683684523809525,52.66622172619047,53.755322916666664,1.3501923465192645,1.6697355100182614
2019-07-07 00:00:00+00:00,55.179630952380954,2019,7,3,27,-0.12053668025532283,-0.992708874098054,0,0,17.848809523809525,10.5,27.6,0.1511904761904752,0.0,55.95528571428571,52.54121428571428,54.52816071428571,56.023577380952375,55.95719642857142,53.82784226190476,54.10933705357142,1.7365643200232261,1.810829760595644
2019-07-14 00:00:00+00:00,53.908166666666666,2019,7,3,28,-0.23931566428755743,-0.9709418174260521,0,0,17.29583333333333,10.8,24.4,0.7041666666666693,0.0,55.179630952380954,55.95528571428571,52.28670833333333,55.28559523809523,53.87878571428572,53.99070982142857,54.00384375,1.8509232177399446,1.7048633483186615
2019-07-21 00:00:00+00:00,53.511964285714285,2019,7,3,29,-0.3546048870425356,-0.9350162426854148,0,0,19.941071428571423,12.0,29.8,0.0,0.0,53.908166666666666,55.179630952380954,52.54121428571428,54.94535119047619,53.46576785714286,54.396074404761904,53.83166517857143,1.497070560927768,1.6245885984039858
2019-07-28 00:00:00+00:00,54.20710119047619,2019,7,3,30,-0.46472317204376806,-0.8854560256532101,0,0,24.68214285714286,15.8,34.1,0.0,0.0,53.511964285714285,53.908166666666666,55.95528571428571,51.30880357142858,55.10847619047619,54.63876190476191,53.65249181547619,1.1297811799833737,1.562054698781067
2019-08-04 00:00:00+00:00,52.39210119047619,2019,8,3,31,-0.5680647467311556,-0.8229838658936565,0,0,21.35059523809524,13.7,33.5,0.0,0.0,54.20710119047619,53.511964285714285,55.179630952380954,54.52816071428571,54.967077380952375,54.201715773809525,54.01477901785714,0.7114012681149069,1.2446918730218683
2019-08-11 00:00:00+00:00,52.019053571428564,2019,8,3,32,-0.663122658240795,-0.7485107481711013,0,0,21.411309523809525,13.8,27.4,0.0,0.0,52.39210119047619,54.20710119047619,53.908166666666666,52.28670833333333,54.29031547619047,53.50483333333334,53.747771577380945,0.7945819851096264,1.3439804308979002
2019-08-18 00:00:00+00:00,51.1552380952381,2019,8,3,33,-0.7485107481711011,-0.6631226582407952,0,0,18.93452380952381,11.4,26.8,0.0,0.0,52.019053571428564,52.39210119047619,53.511964285714285,52.54121428571428,53.30570238095238,53.03255505952381,53.71431473214285,1.0077629093922278,1.3881534007196283
2019-08-25 00:00:00+00:00,51.83813095238096,2019,8,3,34,-0.8229838658936564,-0.5680647467311559,0,0,20.875,10.9,30.0,0.0,0.0,51.1552380952381,52.019053571428564,54.20710119047619,55.95528571428571,54.65057142857143,52.44337351190476,53.54106770833333,1.2848741103909866,1.6222286862557003
2019-09-01 00:00:00+00:00,54.09197023809524,2019,9,3,35,-0.8854560256532096,-0.4647231720437691,0,0,24.938690476190477,17.6,32.5,0.0,0.0,51.83813095238096,51.1552380952381,52.39210119047619,55.179630952380954,54.58705357142857,51.851130952380956,53.02642336309524,0.5180999495314841,1.3822371086343432
2019-09-08 00:00:00+00:00,52.44316071428571,2019,9,3,36,-0.9350162426854147,-0.3546048870425359,0,0,16.64166666666667,8.9,27.0,1.3583333333333307,0.0,54.09197023809524,51.83813095238096,52.019053571428564,53.908166666666666,54.906511904761906,52.27609821428572,52.890465773809524,1.2664393503370157,1.1786958569895554
2019-09-15 00:00:00+00:00,53.348488095238096,2019,9,3,37,-0.970941817426052,-0.23931566428755774,0,0,15.748809523809523,8.8,23.0,2.251190476190475,0.0,52.44316071428571,54.09197023809524,51.1552380952381,53.511964285714285,55.12004761904762,52.382125,52.7073400297619,1.2554517244900665,1.1097846552294872
2019-09-22 00:00:00+00:00,53.222547619047624,2019,9,3,38,-0.992708874098054,-0.12053668025532357,0,0,12.888095238095238,6.5,24.0,5.111904761904762,0.0,53.348488095238096,52.44316071428571,51.83813095238096,54.20710119047619,56.60389285714285,52.930437500000004,52.68690550595238,0.9923871659979555,1.0942488589615242
2019-09-29 00:00:00+00:00,54.82947619047619,2019,9,3,39,-1.0,-1.8369701987210297e-16,0,0,15.182738095238092,9.3,22.8,2.8172619047619065,0.0,53.222547619047624,53.348488095238096,54.09197023809524,52.39210119047619,56.12404166666666,53.27654166666667,52.56383630952381,0.6751639832057992,0.9438835653503884
2019-10-06 00:00:00+00:00,52.33063095238096,2019,10,4,40,-0.992708874098054,0.1205366802553232,0,0,10.27202380952381,2.6,17.0,7.727976190476189,0.0,54.82947619047619,53.222547619047624,52.44316071428571,52.019053571428564,54.287059523809525,53.460918154761906,52.86850818452381,0.9963671236619492,1.230414843067712
2019-10-13 00:00:00+00:00,55.80170833333333,2019,10,4,41,-0.9709418174260521,0.23931566428755738,0,0,12.380357142857145,0.1,23.2,5.619642857142857,0.0,52.33063095238096,54.82947619047619,53.348488095238096,51.1552380952381,55.84894047619047,53.43278571428572,52.90745535714286,1.0355023822177754,1.2043402771048026
2019-10-20 00:00:00+00:00,56.13279166666666,2019,10,4,42,-0.9350162426854148,0.35460488704253557,0,0,14.18154761904762,9.2,21.2,3.818452380952382,0.0,55.80170833333333,52.33063095238096,53.222547619047624,51.83813095238096,55.762125000000005,54.046090773809524,53.48826413690477,1.5617203604833294,1.3501731513021549
2019-10-27 00:00:00+00:00,56.48441071428571,2019,10,4,43,-0.8854560256532101,0.464723172043768,0,0,13.145238095238096,6.2,18.1,4.854761904761904,0.0,56.13279166666666,55.80170833333333,54.82947619047619,54.09197023809524,58.68471428571428,54.773651785714286,54.025096726190476,1.7200415341268969,1.4504110386433118
2019-11-03 00:00:00+00:00,55.02963095238095,2019,11,4,44,-0.822983865893657,0.5680647467311548,0,0,5.920833333333333,-3.0,14.9,12.079166666666666,0.0,56.48441071428571,56.13279166666666,52.33063095238096,52.44316071428571,55.91758928571429,55.187385416666665,54.324151785714285,1.9247949081534728,1.6925942498999529
2019-11-10 00:00:00+00:00,58.15936309523809,2019,11,4,45,-0.7485107481711011,0.6631226582407953,0,0,7.272619047619047,0.3,11.9,10.727380952380951,0.0,55.02963095238095,56.48441071428571,55.80170833333333,53.348488095238096,58.163470238095236,55.86213541666666,54.647460565476194,0.6210733899592891,1.5202195316465836
2019-11-17 00:00:00+00:00,59.11223809523809,2019,11,4,46,-0.6631226582407956,0.7485107481711007,0,0,4.855952380952381,-1.0,10.0,13.14404761904762,0.0,58.15936309523809,55.02963095238095,56.13279166666666,53.222547619047624,59.69608333333333,56.45154910714285,55.24881994047619,1.2962980685858478,1.848958667841627
2019-11-24 00:00:00+00:00,59.73594047619048,2019,11,4,47,-0.5680647467311559,0.8229838658936564,0,0,7.0303571428571425,3.2,12.4,10.969642857142858,0.0,59.11223809523809,58.15936309523809,56.48441071428571,54.82947619047619,61.5533630952381,57.19641071428571,55.98503125,1.807350766378696,2.0844561012921003
2019-12-01 00:00:00+00:00,59.84283333333333,2019,12,4,48,-0.4647231720437684,0.88545602565321,0,0,4.8,-1.9,11.5,13.2,0.0,59.73594047619048,59.11223809523809,55.02963095238095,52.33063095238096,62.379154761904765,58.009293154761906,56.59833928571428,2.0895538871292723,2.3946231204111412
2019-12-08 00:00:00+00:00,61.05929761904762,2019,12,4,49,-0.35460488704253595,0.9350162426854147,0,0,3.980952380952381,-1.5,10.6,14.01904761904762,0.0,59.84283333333333,59.73594047619048,58.15936309523809,55.80170833333333,62.32269047619047,59.212593749999996,57.537364583333336,0.7725412174091597,1.904835889134269
2019-12-15 00:00:00+00:00,61.24219047619048,2019,12,4,50,-0.2393156642875578,0.970941817426052,0,0,3.463095238095238,-0.7,8.9,14.53690476190476,0.0,61.05929761904762,59.84283333333333,59.11223809523809,56.13279166666666,63.2435,59.937577380952376,58.194563244047615,0.814263492369623,2.115758135126306
2019-12-22 00:00:00+00:00,56.83676785714285,2019,12,4,51,-0.12053668025532363,0.992708874098054,2,1,6.148809523809524,0.8,14.6,11.851190476190476,0.0,61.24219047619048,61.05929761904762,59.73594047619048,56.48441071428571,59.40855952380953,60.47006547619048,58.833238095238094,0.7907235527161698,2.174820603075424
2019-12-29 00:00:00+00:00,46.50530952380952,2019,12,4,52,6.432490598706546e-16,1.0,2,1,3.2249999999999996,-3.7,7.6,14.775,0.0,56.83676785714285,61.24219047619048,59.84283333333333,55.02963095238095,49.075583333333334,59.74527232142857,58.87728273809523,2.0360372307215893,2.123416939426458
2020-01-05 00:00:00+00:00,50.16170238095238,2020,1,1,1,0.12053668025532305,0.992708874098054,1,1,2.6636904761904763,-3.8,7.3,15.336309523809524,0.0,46.50530952380952,56.83676785714285,61.05929761904762,58.15936309523809,53.805875,56.41089136904762,57.811742559523815,6.910162906992891,4.7919662898914925
2020-01-12 00:00:00+00:00,59.07759523809524,2020,1,1,2,0.23931566428755774,0.970941817426052,0,0,5.263690476190476,-1.3,10.6,12.736309523809524,0.0,50.16170238095238,46.50530952380952,61.24219047619048,59.11223809523809,62.37220238095239,53.686492559523806,56.812034970238095,6.608235797197648,5.4921702586305035
2020-01-19 00:00:00+00:00,60.36169642857143,2020,1,1,3,0.3546048870425356,0.9350162426854148,0,0,6.023214285714285,1.3,12.1,11.976785714285716,0.0,59.07759523809524,50.16170238095238,56.83676785714285,59.73594047619048,62.42349404761905,53.145343749999995,56.80770461309524,5.825529732733209,5.490110823023878
2020-01-26 00:00:00+00:00,60.89373214285715,2020,1,1,4,0.4647231720437685,0.8854560256532099,0,0,1.523214285714286,-2.4,5.8,16.476785714285715,0.0,60.36169642857143,59.07759523809524,46.50530952380952,59.84283333333333,63.58701190476191,54.026575892857146,56.885924107142856,6.761490064701897,5.542002786308388
2020-02-02 00:00:00+00:00,60.839196428571434,2020,2,1,5,0.5680647467311558,0.8229838658936564,0,0,6.536309523809523,1.1,11.5,11.463690476190475,0.0,60.89373214285715,60.36169642857143,50.16170238095238,61.05929761904762,62.08876785714286,57.62368154761905,57.01728645833333,5.0327247254628515,5.633797611924368
2020-02-09 00:00:00+00:00,60.259839285714285,2020,2,1,6,0.6631226582407952,0.7485107481711011,0,0,5.335714285714285,0.6,11.9,12.664285714285716,0.0,60.839196428571434,60.89373214285715,59.07759523809524,61.24219047619048,62.35953571428571,60.29305505952381,56.98977380952381,0.844815082030739,5.611732795229542
2020-02-16 00:00:00+00:00,60.845124999999996,2020,2,1,7,0.7485107481711011,0.6631226582407953,0,0,5.7625,0.7,15.9,12.2375,0.0,60.259839285714285,60.839196428571434,60.36169642857143,56.83676785714285,60.79900595238095,60.588616071428575,56.866979910714285,0.3242802448345246,5.5153094555626705
2020-02-23 00:00:00+00:00,59.787327380952384,2020,2,1,8,0.8229838658936564,0.5680647467311558,0,0,6.454166666666667,0.5,12.1,11.545833333333334,0.0,60.845124999999996,60.259839285714285,60.89373214285715,46.50530952380952,59.46751785714285,60.709473214285715,57.36802455357143,0.3007499192429527,5.691432514182715
2020-03-01 00:00:00+00:00,58.8991369047619,2020,3,1,9,0.8854560256532098,0.4647231720437686,0,0,4.9505952380952385,-0.2,11.8,13.04940476190476,0.0,59.787327380952384,60.845124999999996,60.839196428571434,50.16170238095238,58.48182142857143,60.43287202380952,59.02827678571428,0.5104639238503882,3.6361238585408286
2020-03-08 00:00:00+00:00,58.68847023809524,2020,3,1,10,0.9350162426854148,0.35460488704253557,0,0,4.801785714285715,-1.1,10.0,13.198214285714286,0.0,58.8991369047619,59.787327380952384,60.259839285714285,59.07759523809524,58.99095238095238,59.947857142857146,60.12045610119048,0.8221934904412651,0.7934974281162783
2020-03-15 00:00:00+00:00,58.534238095238095,2020,3,1,11,0.970941817426052,0.23931566428755804,0,0,6.480952380952381,-2.5,12.4,11.51904761904762,0.0,58.68847023809524,58.8991369047619,60.845124999999996,60.36169642857143,60.07891071428571,59.555014880952385,60.07181547619048,0.9830952403238284,0.8743621861608424
2020-03-22 00:00:00+00:00,55.372744047619044,2020,3,1,12,0.992708874098054,0.120536680255323,0,0,6.780952380952381,-2.9,15.7,11.219047619047618,0.0,58.534238095238095,58.68847023809524,59.787327380952384,60.89373214285715,57.6493630952381,58.97729315476191,59.84338318452381,0.560351172621861,1.0151866379404728
2020-03-29 00:00:00+00:00,53.471982142857144,2020,3,1,13,1.0,-1.6081226496766366e-16,0,0,3.5113095238095235,-4.7,14.7,14.488690476190476,0.0,55.372744047619044,58.534238095238095,58.8991369047619,60.839196428571434,56.7715119047619,57.87364732142857,59.15325967261905,1.6739636223092447,1.784354426422405
2020-04-05 00:00:00+00:00,52.84526785714285,2020,4,2,14,0.992708874098054,-0.12053668025532288,0,0,4.568452380952381,-4.0,15.0,13.43154761904762,0.0,53.471982142857144,55.372744047619044,58.68847023809524,60.259839285714285,56.43385714285715,56.51685863095238,58.232357886904765,2.540734006985012,2.533701297856123
2020-04-12 00:00:00+00:00,47.21088690476191,2020,4,2,15,0.9709418174260521,-0.2393156642875575,0,0,10.942857142857145,0.5,21.8,7.057142857142857,0.0,52.84526785714285,53.471982142857144,58.534238095238095,60.845124999999996,56.76597023809524,55.05605803571429,57.305536458333336,2.5557070909765622,2.99941828526496
2020-04-19 00:00:00+00:00,47.41569642857143,2020,4,2,16,0.9350162426854148,-0.35460488704253545,0,0,8.963690476190477,0.4,16.7,9.036309523809525,0.0,47.21088690476191,52.84526785714285,55.372744047619044,59.787327380952384,51.656261904761905,52.22522023809524,55.60125669642857,3.5113776596633066,4.294718964034931
2020-04-26 00:00:00+00:00,50.17241666666667,2020,4,2,17,0.8854560256532099,-0.4647231720437685,0,0,11.9375,3.2,21.6,6.0625,0.0,47.41569642857143,47.21088690476191,53.471982142857144,58.8991369047619,52.33675,50.235958333333336,54.05480282738095,3.385522148121142,4.772844755645383
2020-05-03 00:00:00+00:00,48.16190476190476,2020,5,2,18,0.8229838658936565,-0.5680647467311557,0,0,12.78690476190476,4.1,22.6,5.213095238095239,0.0,50.17241666666667,47.41569642857143,52.84526785714285,58.68847023809524,53.123172619047615,49.411066964285716,52.96396279761905,2.6580497243240124,4.49676428610975
2020-05-10 00:00:00+00:00,49.59077976190476,2020,5,2,19,0.7485107481711013,-0.6631226582407951,0,0,12.141666666666666,3.4,23.6,5.858333333333334,0.0,48.16190476190476,50.17241666666667,47.21088690476191,58.534238095238095,56.023577380952375,48.24022619047619,51.64814211309523,1.3514045749803478,4.105482861205411
2020-05-17 00:00:00+00:00,50.92697619047619,2020,5,2,20,0.6631226582407952,-0.7485107481711012,0,0,9.654166666666669,0.9,17.6,8.345833333333333,0.0,49.59077976190476,48.16190476190476,47.41569642857143,55.372744047619044,55.28559523809523,48.83519940476191,50.53020982142857,1.26851173390282,3.0425827319274674
2020-05-24 00:00:00+00:00,47.43964285714286,2020,5,2,21,0.5680647467311558,-0.8229838658936564,0,0,14.89464285714286,6.9,22.5,3.105357142857141,0.0,50.92697619047619,49.59077976190476,50.17241666666667,53.471982142857144,54.94535119047619,49.713019345238095,49.97448883928571,1.1698484356811294,2.361532405155383
2020-05-31 00:00:00+00:00,49.52760714285715,2020,5,2,22,0.46472317204376906,-0.8854560256532096,0,0,13.957738095238096,5.9,21.4,4.042261904761904,0.0,47.43964285714286,50.92697619047619,48.16190476190476,52.84526785714285,51.30880357142858,49.02982589285714,49.22044642857143,1.5487433262250847,2.0242173863921127
2020-06-07 00:00:00+00:00,48.776244047619045,2020,6,2,23,0.35460488704253584,-0.9350162426854147,0,0,16.491666666666667,8.8,26.4,1.5083333333333329,0.0,49.52760714285715,47.43964285714286,49.59077976190476,47.21088690476191,54.52816071428571,49.37125148809524,48.805738839285716,1.4403739105458542,1.427352715948818
2020-06-14 00:00:00+00:00,48.21974404761905,2020,6,2,24,0.23931566428755768,-0.970941817426052,0,0,18.843452380952375,8.9,28.1,0.0,0.0,48.776244047619045,49.52760714285715,50.92697619047619,47.41569642857143,52.28670833333333,49.16761755952381,49.00140848214286,1.4564803569223426,1.2768473902926316
2020-06-21 00:00:00+00:00,49.813946428571434,2020,6,2,25,0.12053668025532308,-0.992708874098054,0,0,19.35654761904762,12.4,27.7,0.0,0.0,48.21974404761905,48.776244047619045,47.43964285714286,50.17241666666667,52.54121428571428,48.490809523809524,49.101914434523806,0.8822036846699991,1.1605466572959393
2020-06-28 00:00:00+00:00,50.48079166666666,2020,6,2,26,-3.216245299353273e-16,-1.0,0,0,21.571428571428573,11.6,30.3,0.0,0.0,49.813946428571434,48.21974404761905,49.52760714285715,48.16190476190476,55.95528571428571,49.08438541666667,49.057105654761905,0.7237081753127137,1.1195044646054038
2020-07-05 00:00:00+00:00,54.554196581196585,2020,7,3,27,-0.12053668025532283,-0.992708874098054,0,0,20.067261904761907,14.9,26.8,0.0,0.0,50.48079166666666,49.813946428571434,48.776244047619045,49.59077976190476,55.179630952380954,49.32268154761905,49.34696651785715,1.0161406237012256,1.1542699848937692
