date,temp_mean,temp_min,temp_max,heating_degree_days,cooling_degree_days
2015-01-04,3.502083333333333,0.9,7.5,14.497916666666667,0.0
2015-01-11,3.9023809523809527,-0.5,11.6,14.097619047619048,0.0
2015-01-18,4.8375,-2.9,11.2,13.1625,0.0
2015-01-25,0.05714285714285715,-3.6,3.4,17.942857142857143,0.0
2015-02-01,1.3732142857142857,-1.2,4.7,16.626785714285713,0.0
2015-02-08,-1.243452380952381,-8.2,2.9,19.24345238095238,0.0
2015-02-15,1.7892857142857144,-3.8,6.7,16.210714285714285,0.0
2015-02-22,2.0994047619047618,-2.4,10.0,15.900595238095239,0.0
2015-03-01,2.4160714285714286,-2.9,8.4,15.583928571428572,0.0
2015-03-08,4.893452380952381,-1.2,14.7,13.10654761904762,0.0
2015-03-15,5.0875,-0.3,11.9,12.9125,0.0
2015-03-22,5.691071428571429,-2.5,15.6,12.30892857142857,0.0
2015-03-29,7.010714285714285,-2.1,15.2,10.989285714285714,0.0
2015-04-05,4.311309523809523,-2.9,10.1,13.688690476190477,0.0
2015-04-12,8.683928571428572,-2.2,19.8,9.316071428571428,0.0
2015-04-19,9.001785714285713,1.3,20.4,8.998214285714287,0.0
2015-04-26,11.375,2.0,21.0,6.625,0.0
2015-05-03,9.939285714285713,2.5,18.6,8.060714285714287,0.0
2015-05-10,14.657738095238095,6.6,23.5,3.342261904761905,0.0
2015-05-17,12.517857142857142,4.5,26.1,5.482142857142858,0.0
2015-05-24,13.516666666666667,6.3,19.3,4.4833333333333325,0.0
2015-05-31,13.77142857142857,7.1,20.6,4.2285714285714295,0.0
2015-06-07,17.861904761904764,8.1,28.3,0.13809523809523583,0.0
2015-06-14,17.923214285714284,10.0,30.1,0.07678571428571601,0.0
2015-06-21,14.366666666666665,7.8,20.7,3.6333333333333346,0.0
2015-06-28,15.963690476190477,11.0,22.9,2.036309523809523,0.0
2015-07-05,23.875,12.8,35.5,0.0,0.0
2015-07-12,18.91904761904762,9.7,31.5,0.0,0.0
2015-07-19,19.564285714285717,14.9,30.1,0.0,0.0
2015-07-26,20.34285714285714,13.6,28.3,0.0,0.0
2015-08-02,17.3625,9.3,27.9,0.6374999999999993,0.0
2015-08-09,24.922619047619047,15.1,36.1,0.0,0.0
2015-08-16,25.066666666666666,17.3,33.5,0.0,0.0
2015-08-23,20.10892857142857,13.1,26.7,0.0,0.0
2015-08-30,20.345238095238095,12.6,29.3,0.0,0.0
2015-09-06,17.646428571428572,11.5,33.5,0.35357142857142776,0.0
2015-09-13,14.92797619047619,8.3,24.2,3.0720238095238095,0.0
2015-09-20,16.33809523809524,10.4,24.4,1.6619047619047613,0.0
2015-09-27,13.496428571428572,7.0,20.1,4.503571428571428,0.0
2015-10-04,11.783333333333333,4.5,19.4,6.216666666666667,0.0
2015-10-11,9.996428571428572,2.3,18.6,8.003571428571428,0.0
2015-10-18,6.406547619047619,0.9,10.1,11.593452380952382,0.0
2015-10-25,9.303571428571429,5.7,13.9,8.696428571428571,0.0
2015-11-01,8.391666666666666,3.2,14.3,9.608333333333334,0.0
2015-11-08,8.144642857142857,-0.1,16.3,9.855357142857143,0.0
2015-11-15,11.326785714285714,6.5,15.4,6.673214285714286,0.0
2015-11-22,8.174404761904762,-2.5,13.3,9.825595238095238,0.0
2015-11-29,2.0547619047619046,-3.0,8.9,15.945238095238096,0.0
2015-12-06,6.870238095238095,3.1,10.6,11.129761904761905,0.0
2015-12-13,6.0494047619047615,0.7,11.2,11.95059523809524,0.0
2015-12-20,6.938095238095237,-1.5,11.9,11.061904761904763,0.0
2015-12-27,9.904166666666667,3.3,13.9,8.095833333333333,0.0
2016-01-03,0.5101190476190476,-9.8,11.9,17.489880952380954,0.0
2016-01-10,-3.230357142857143,-8.8,4.0,21.230357142857144,0.0
2016-01-17,0.21964285714285714,-5.4,4.0,17.78035714285714,0.0
2016-01-24,-3.556547619047619,-12.8,4.0,21.55654761904762,0.0
2016-01-31,6.358333333333333,0.3,9.8,11.641666666666666,0.0
2016-02-07,5.732142857142857,-0.8,12.3,12.267857142857142,0.0
2016-02-14,4.158333333333333,-3.2,9.3,13.841666666666667,0.0
2016-02-21,2.6267857142857145,-2.2,10.7,15.373214285714285,0.0
2016-02-28,2.4041666666666663,-4.2,10.7,15.595833333333333,0.0
2016-03-06,2.588690476190476,-2.2,9.3,15.411309523809525,0.0
2016-03-13,2.5732142857142857,-3.2,8.2,15.426785714285714,0.0
2016-03-20,3.9410714285714286,-1.8,9.4,14.058928571428572,0.0
2016-03-27,5.9904761904761905,0.4,15.5,12.00952380952381,0.0
2016-04-03,8.02142857142857,1.1,18.3,9.97857142857143,0.0
2016-04-10,10.491071428571429,2.0,20.3,7.508928571428571,0.0
2016-04-17,9.776785714285714,2.6,16.7,8.223214285714286,0.0
2016-04-24,7.426190476190476,1.0,13.6,10.573809523809524,0.0
2016-05-01,7.6119047619047615,-0.3,17.2,10.38809523809524,0.0
2016-05-08,13.686309523809525,4.8,22.7,4.313690476190475,0.0
2016-05-15,15.416666666666666,6.7,23.3,2.583333333333334,0.0
2016-05-22,14.90892857142857,6.4,27.3,3.0910714285714302,0.0
2016-05-29,17.70595238095238,11.3,26.0,0.2940476190476211,0.0
2016-06-05,20.467261904761905,13.6,26.5,0.0,0.0
2016-06-12,18.03988095238095,11.6,25.3,0.0,0.0
2016-06-19,16.45,11.6,22.3,1.5500000000000007,0.0
2016-06-26,21.767857142857142,11.4,32.9,0.0,0.0
2016-07-03,18.979166666666668,11.8,26.7,0.0,0.0
2016-07-10,18.73452380952381,11.4,29.6,0.0,0.0
2016-07-17,19.316071428571426,10.1,28.6,0.0,0.0
2016-07-24,21.70952380952381,14.1,28.7,0.0,0.0
2016-07-31,21.92142857142857,15.7,30.2,0.0,0.0
2016-08-07,18.40297619047619,12.7,26.3,0.0,0.0
2016-08-14,17.823214285714286,10.1,27.0,0.17678571428571388,0.0
2016-08-21,18.02202380952381,9.0,26.4,0.0,0.0
2016-08-28,22.7125,14.3,34.7,0.0,0.0
2016-09-04,19.961904761904762,13.0,26.3,0.0,0.0
2016-09-11,20.101190476190474,11.3,29.2,0.0,0.0
2016-09-18,21.46607142857143,13.1,31.0,0.0,0.0
2016-09-25,15.65297619047619,9.9,21.9,2.34702380952381,0.0
2016-10-02,16.302380952380954,9.0,24.8,1.697619047619046,0.0
2016-10-09,10.719047619047618,5.7,16.4,7.280952380952382,0.0
2016-10-16,8.325,4.1,12.6,9.675,0.0
2016-10-23,8.020238095238096,1.9,13.9,9.979761904761904,0.0
2016-10-30,8.616071428571429,2.8,12.7,9.383928571428571,0.0
2016-11-06,6.270833333333333,1.0,12.1,11.729166666666668,0.0
2016-11-13,0.8238095238095239,-3.8,6.2,17.176190476190477,0.0
2016-11-20,6.042261904761905,-3.8,14.0,11.957738095238096,0.0
2016-11-27,4.702976190476191,-1.1,11.3,13.29702380952381,0.0
2016-12-04,0.6416666666666666,-4.2,7.5,17.358333333333334,0.0
2016-12-11,3.8601190476190474,-4.0,9.6,14.139880952380953,0.0
2016-12-18,1.3392857142857142,-3.7,6.1,16.660714285714285,0.0
2016-12-25,2.3232142857142857,-2.3,8.8,15.676785714285714,0.0
2017-01-01,3.370833333333333,-2.9,9.8,14.629166666666666,0.0
2017-01-08,-2.0857142857142854,-9.0,4.2,20.085714285714285,0.0
2017-01-15,-0.7523809523809524,-6.6,3.5,18.752380952380953,0.0
2017-01-22,-2.7910714285714286,-10.7,2.1,20.791071428571428,0.0
2017-01-29,-1.5226190476190475,-7.0,6.4,19.52261904761905,0.0
2017-02-05,0.20297619047619048,-5.1,7.7,17.79702380952381,0.0
2017-02-12,-2.7023809523809526,-6.1,1.0,20.702380952380953,0.0
2017-02-19,1.2130952380952382,-6.4,10.9,16.78690476190476,0.0
2017-02-26,5.805357142857143,-0.9,10.4,12.194642857142856,0.0
2017-03-05,6.585714285714286,1.0,15.0,11.414285714285715,0.0
2017-03-12,4.611309523809524,-1.0,9.9,13.388690476190476,0.0
2017-03-19,5.9869047619047615,-1.1,12.1,12.01309523809524,0.0
2017-03-26,7.012499999999999,-0.3,12.8,10.9875,0.0
2017-04-02,11.52797619047619,0.3,21.0,6.47202380952381,0.0
2017-04-09,9.372619047619047,4.3,16.6,8.627380952380953,0.0
2017-04-16,8.210714285714285,2.7,18.2,9.789285714285715,0.0
2017-04-23,5.185714285714286,-2.4,13.5,12.814285714285713,0.0
2017-04-30,6.947619047619048,-0.7,13.4,11.052380952380952,0.0
2017-05-07,10.623809523809523,4.7,16.4,7.376190476190477,0.0
2017-05-14,10.527380952380952,0.0,21.5,7.472619047619048,0.0
2017-05-21,16.88095238095238,8.7,27.6,1.1190476190476204,0.0
2017-05-28,16.86904761904762,8.4,30.1,1.1309523809523796,0.0
2017-06-04,18.54583333333333,8.6,28.4,0.0,0.0
2017-06-11,17.872619047619047,11.1,27.8,0.12738095238095326,0.0
2017-06-18,17.82857142857143,10.9,26.1,0.17142857142857082,0.0
2017-06-25,20.013690476190476,12.2,29.5,0.0,0.0
2017-07-02,16.98333333333333,9.7,25.4,1.0166666666666693,0.0
2017-07-09,17.705357142857142,10.7,25.5,0.29464285714285765,0.0
2017-07-16,17.03035714285714,10.9,22.7,0.9696428571428584,0.0
2017-07-23,19.96607142857143,11.3,27.3,0.0,0.0
2017-07-30,18.560714285714283,13.4,29.8,0.0,0.0
2017-08-06,20.66488095238095,12.4,28.9,0.0,0.0
2017-08-13,18.526785714285715,10.4,26.4,0.0,0.0
2017-08-20,19.000595238095237,11.8,26.3,0.0,0.0
2017-08-27,16.757142857142856,9.5,23.3,1.2428571428571438,0.0
2017-09-03,17.708333333333332,10.2,29.3,0.29166666666666785,0.0
2017-09-10,15.447619047619046,9.3,21.9,2.552380952380954,0.0
2017-09-17,13.326190476190478,5.8,20.0,4.673809523809522,0.0
2017-09-24,12.504761904761907,6.6,17.2,5.4952380952380935,0.0
2017-10-01,14.515476190476189,10.3,19.9,3.484523809523811,0.0
2017-10-08,11.446428571428571,6.2,16.0,6.553571428571429,0.0
2017-10-15,13.058333333333334,4.8,20.7,4.941666666666666,0.0
2017-10-22,13.326190476190478,8.2,21.3,4.673809523809522,0.0
2017-10-29,10.861309523809524,5.5,17.0,7.138690476190476,0.0
2017-11-05,8.34702380952381,2.9,12.9,9.65297619047619,0.0
2017-11-12,6.008928571428571,1.8,9.5,11.991071428571429,0.0
2017-11-19,5.167857142857143,-0.5,9.3,12.832142857142857,0.0
2017-11-26,5.755952380952381,0.2,13.2,12.244047619047619,0.0
2017-12-03,2.0428571428571427,-1.9,6.7,15.957142857142857,0.0
2017-12-10,3.6958333333333333,-1.0,7.1,14.304166666666667,0.0
2017-12-17,2.149404761904762,-1.4,6.7,15.850595238095238,0.0
2017-12-24,3.8904761904761904,-3.5,9.0,14.10952380952381,0.0
2017-12-31,4.1797619047619055,-1.9,11.2,13.820238095238095,0.0
2018-01-07,4.819047619047619,-3.2,11.9,13.18095238095238,0.0
2018-01-14,0.1583333333333333,-4.7,5.3,17.841666666666665,0.0
2018-01-21,0.7297619047619047,-4.0,5.6,17.270238095238096,0.0
2018-01-28,5.2214285714285715,-3.8,10.4,12.778571428571428,0.0
2018-02-04,3.2369047619047615,-4.8,10.0,14.76309523809524,0.0
2018-02-11,-2.2910714285714286,-7.5,4.3,20.291071428571428,0.0
2018-02-18,0.39821428571428574,-5.3,6.4,17.601785714285715,0.0
2018-02-25,-1.8178571428571426,-8.2,4.2,19.817857142857143,0.0
2018-03-04,-7.089285714285714,-12.4,3.5,25.089285714285715,0.0
2018-03-11,3.3797619047619043,-3.2,15.7,14.620238095238095,0.0
2018-03-18,2.1226190476190476,-6.0,10.9,15.877380952380953,0.0
2018-03-25,1.2845238095238096,-6.1,9.9,16.715476190476192,0.0
2018-04-01,3.2976190476190474,-2.0,9.6,14.702380952380953,0.0
2018-04-08,9.555952380952382,-1.4,19.4,8.444047619047618,0.0
2018-04-15,14.429761904761904,5.3,22.1,3.5702380952380963,0.0
2018-04-22,14.77857142857143,6.2,25.5,3.2214285714285698,0.0
2018-04-29,13.138095238095238,4.9,22.3,4.861904761904762,0.0
2018-05-06,12.94702380952381,4.4,22.8,5.0529761904761905,0.0
2018-05-13,18.177380952380954,8.9,25.7,0.0,0.0
2018-05-20,15.955357142857142,8.0,23.6,2.0446428571428577,0.0
2018-05-27,19.447619047619046,10.5,27.0,0.0,0.0
2018-06-03,23.746428571428574,17.7,31.1,0.0,0.0
2018-06-10,21.107142857142858,12.3,30.4,0.0,0.0
2018-06-17,18.683928571428574,12.7,25.8,0.0,0.0
2018-06-24,17.373809523809523,10.2,26.7,0.6261904761904766,0.0
2018-07-01,18.02202380952381,10.0,28.4,0.0,0.0
2018-07-08,20.291666666666668,8.7,30.1,0.0,0.0
2018-07-15,18.15357142857143,11.7,25.5,0.0,0.0
2018-07-22,20.99047619047619,12.6,27.3,0.0,0.0
2018-07-29,24.583928571428572,17.3,32.2,0.0,0.0
2018-08-05,26.36964285714286,18.2,34.8,0.0,0.0
2018-08-12,24.11845238095238,12.7,36.6,0.0,0.0
2018-08-19,22.11845238095238,14.4,31.4,0.0,0.0
2018-08-26,19.81845238095238,10.7,33.4,0.0,0.0
2018-09-02,17.767261904761906,9.4,26.4,0.2327380952380942,0.0
2018-09-09,19.27261904761905,11.0,27.7,0.0,0.0
2018-09-16,17.711309523809526,10.0,26.7,0.2886904761904745,0.0
2018-09-23,18.311904761904763,9.0,30.0,0.0,0.0
2018-09-30,11.404166666666667,4.8,21.9,6.595833333333333,0.0
2018-10-07,11.30952380952381,3.8,21.9,6.69047619047619,0.0
2018-10-14,14.545833333333333,2.9,24.0,3.4541666666666675,0.0
2018-10-21,11.88452380952381,3.5,21.5,6.1154761904761905,0.0
2018-10-28,8.842261904761905,3.1,12.3,9.157738095238095,0.0
2018-11-04,8.76845238095238,4.2,19.9,9.23154761904762,0.0
2018-11-11,9.694642857142858,3.9,16.4,8.305357142857142,0.0
2018-11-18,6.531547619047619,-4.1,14.3,11.468452380952382,0.0
2018-11-25,2.2101190476190475,-1.9,5.9,15.789880952380953,0.0
2018-12-02,1.5732142857142857,-3.5,9.3,16.426785714285714,0.0
2018-12-09,6.5625,-0.5,12.4,11.4375,0.0
2018-12-16,1.1047619047619048,-2.5,5.4,16.895238095238096,0.0
2018-12-23,3.697619047619048,-2.3,10.2,14.302380952380952,0.0
2018-12-30,5.0130952380952385,0.1,7.6,12.98690476190476,0.0
2019-01-06,2.9333333333333336,-3.1,7.6,15.066666666666666,0.0
2019-01-13,3.1845238095238093,-0.9,7.5,14.81547619047619,0.0
2019-01-20,1.6220238095238095,-6.1,6.9,16.37797619047619,0.0
2019-01-27,-2.3166666666666664,-7.2,5.1,20.316666666666666,0.0
2019-02-03,0.3238095238095238,-3.8,4.8,17.676190476190477,0.0
2019-02-10,3.7773809523809527,-2.0,9.9,14.222619047619048,0.0
2019-02-17,4.608928571428571,-2.1,13.9,13.39107142857143,0.0
2019-02-24,4.1970238095238095,-4.8,13.0,13.80297619047619,0.0
2019-03-03,5.943452380952381,-1.6,14.2,12.056547619047619,0.0
2019-03-10,7.32797619047619,1.3,16.1,10.672023809523811,0.0
2019-03-17,6.094642857142857,1.1,12.5,11.905357142857143,0.0
2019-03-24,7.292857142857143,-2.0,16.8,10.707142857142857,0.0
2019-03-31,7.386309523809524,0.5,16.9,10.613690476190476,0.0
2019-04-07,10.882142857142858,-1.5,20.0,7.117857142857142,0.0
2019-04-14,5.508928571428571,0.6,18.2,12.491071428571429,0.0
2019-04-21,11.236904761904762,1.2,20.9,6.763095238095238,0.0
2019-04-28,15.064880952380953,7.1,25.2,2.9351190476190467,0.0
2019-05-05,9.343452380952382,0.2,17.3,8.656547619047618,0.0
2019-05-12,10.54642857142857,1.7,18.0,7.453571428571429,0.0
2019-05-19,12.167261904761904,3.2,23.7,5.832738095238096,0.0
2019-05-26,15.835714285714285,8.3,24.6,2.1642857142857146,0.0
2019-06-02,17.90297619047619,6.7,30.5,0.09702380952381162,0.0
2019-06-09,22.949404761904763,12.3,33.6,0.0,0.0
2019-06-16,22.527380952380952,14.7,33.1,0.0,0.0
2019-06-23,22.27797619047619,14.3,30.9,0.0,0.0
2019-06-30,24.574404761904763,13.3,37.4,0.0,0.0
2019-07-07,17.848809523809525,10.5,27.6,0.1511904761904752,0.0
2019-07-14,17.29583333333333,10.8,24.4,0.7041666666666693,0.0
2019-07-21,19.941071428571426,12.0,29.8,0.0,0.0
2019-07-28,24.68214285714286,15.8,34.1,0.0,0.0
2019-08-04,21.350595238095238,13.7,33.5,0.0,0.0
2019-08-11,21.411309523809525,13.8,27.4,0.0,0.0
2019-08-18,18.93452380952381,11.4,26.8,0.0,0.0
2019-08-25,20.875,10.9,30.0,0.0,0.0
2019-09-01,24.938690476190477,17.6,32.5,0.0,0.0
2019-09-08,16.64166666666667,8.9,27.0,1.3583333333333307,0.0
2019-09-15,15.748809523809525,8.8,23.0,2.251190476190475,0.0
2019-09-22,12.888095238095238,6.5,24.0,5.111904761904762,0.0
2019-09-29,15.182738095238093,9.3,22.8,2.8172619047619065,0.0
2019-10-06,10.27202380952381,2.6,17.0,7.7279761904761894,0.0
2019-10-13,12.380357142857143,0.1,23.2,5.619642857142857,0.0
2019-10-20,14.181547619047619,9.2,21.2,3.8184523809523814,0.0
2019-10-27,13.145238095238096,6.2,18.1,4.854761904761904,0.0
2019-11-03,5.920833333333333,-3.0,14.9,12.079166666666666,0.0
2019-11-10,7.272619047619047,0.3,11.9,10.727380952380953,0.0
2019-11-17,4.855952380952381,-1.0,10.0,13.144047619047619,0.0
2019-11-24,7.0303571428571425,3.2,12.4,10.969642857142858,0.0
2019-12-01,4.8,-1.9,11.5,13.2,0.0
2019-12-08,3.9809523809523806,-1.5,10.6,14.019047619047619,0.0
2019-12-15,3.463095238095238,-0.7,8.9,14.536904761904761,0.0
2019-12-22,6.148809523809524,0.8,14.6,11.851190476190476,0.0
2019-12-29,3.2249999999999996,-3.7,7.6,14.775,0.0
2020-01-05,2.6636904761904763,-3.8,7.3,15.336309523809524,0.0
2020-01-12,5.263690476190476,-1.3,10.6,12.736309523809524,0.0
2020-01-19,6.023214285714285,1.3,12.1,11.976785714285715,0.0
2020-01-26,1.5232142857142859,-2.4,5.8,16.476785714285715,0.0
2020-02-02,6.536309523809523,1.1,11.5,11.463690476190477,0.0
2020-02-09,5.335714285714285,0.6,11.9,12.664285714285715,0.0
2020-02-16,5.7625,0.7,15.9,12.2375,0.0
2020-02-23,6.454166666666667,0.5,12.1,11.545833333333334,0.0
2020-03-01,4.9505952380952385,-0.2,11.8,13.04940476190476,0.0
2020-03-08,4.801785714285715,-1.1,10.0,13.198214285714286,0.0
2020-03-15,6.480952380952381,-2.5,12.4,11.519047619047619,0.0
2020-03-22,6.780952380952381,-2.9,15.7,11.219047619047618,0.0
2020-03-29,3.5113095238095235,-4.7,14.7,14.488690476190477,0.0
2020-04-05,4.568452380952381,-4.0,15.0,13.431547619047619,0.0
2020-04-12,10.942857142857143,0.5,21.8,7.057142857142857,0.0
2020-04-19,8.963690476190477,0.4,16.7,9.036309523809523,0.0
2020-04-26,11.9375,3.2,21.6,6.0625,0.0
2020-05-03,12.786904761904761,4.1,22.6,5.213095238095239,0.0
2020-05-10,12.141666666666666,3.4,23.6,5.858333333333334,0.0
2020-05-17,9.654166666666667,0.9,17.6,8.345833333333333,0.0
2020-05-24,14.894642857142859,6.9,22.5,3.105357142857141,0.0
2020-05-31,13.957738095238096,5.9,21.4,4.042261904761904,0.0
2020-06-07,16.491666666666667,8.8,26.4,1.5083333333333329,0.0
2020-06-14,18.843452380952378,8.9,28.1,0.0,0.0
2020-06-21,19.35654761904762,12.4,27.7,0.0,0.0
2020-06-28,21.571428571428573,11.6,30.3,0.0,0.0
2020-07-05,20.067261904761907,14.9,26.8,0.0,0.0
2020-07-12,16.33095238095238,10.0,25.2,1.6690476190476211,0.0
2020-07-19,18.4625,10.3,28.3,0.0,0.0
2020-07-26,19.044642857142858,11.2,27.6,0.0,0.0
2020-08-02,20.66547619047619,12.1,29.5,0.0,0.0
2020-08-09,23.645238095238096,11.6,35.5,0.0,0.0
2020-08-16,25.205357142857142,18.8,31.7,0.0,0.0
2020-08-23,23.476190476190474,16.5,35.5,0.0,0.0
2020-08-30,17.764880952380953,12.5,23.0,0.23511904761904745,0.0
2020-09-06,15.967261904761905,10.4,21.4,2.032738095238095,0.0
2020-09-13,16.504166666666666,9.0,25.9,1.4958333333333336,0.0
2020-09-20,17.241071428571427,5.5,30.3,0.758928571428573,0.0
2020-09-27,15.023809523809524,6.9,26.4,2.9761904761904763,0.0
2020-10-04,13.830357142857142,7.6,21.6,4.169642857142858,0.0
