date,Actual,Mean,Naive,Seasonal naive,Drift,SARIMAX,Linear Regression,Random Forest,MLP
2018-10-14,55.84894047619047,55.65054511874547,54.287059523809525,56.333398809523814,54.32304585003644,56.63735524899923,56.32931064283389,55.75019542799525,60.53388344571535
2018-10-21,55.762125000000005,55.65054511874547,54.287059523809525,56.55730952380953,54.35903217626336,56.87666586013427,56.530555970573914,56.853154708135044,59.94087472115946
2018-10-28,58.68471428571428,55.65054511874547,54.287059523809525,57.687714285714286,54.39501850249028,58.06238348896121,57.740078752783575,57.41949437342104,60.37844777733311
2018-11-04,55.91758928571429,55.65054511874547,54.287059523809525,53.707708333333336,54.4310048287172,54.00724188340836,57.344438431279514,54.51148961234546,59.50431951301951
2018-11-11,58.16347023809523,55.65054511874547,54.287059523809525,59.21035714285714,54.46699115494412,58.113380557516955,58.210259932545796,57.81049344192068,60.690355853605936
2018-11-18,59.69608333333333,55.65054511874547,54.287059523809525,59.97938095238095,54.502977481171044,59.904325565490296,60.617283534076705,58.76888123467889,60.307638099084315
2018-11-25,61.5533630952381,55.65054511874547,54.287059523809525,60.69883333333333,54.53896380739796,61.2044505500683,61.58119074195429,60.21739376588874,60.74778401767149
2018-12-02,62.379154761904765,55.65054511874547,54.287059523809525,61.95860119047619,54.57495013362488,61.75080600408496,63.060192559929874,61.61826259282884,60.49226036362447
2018-12-09,62.32269047619047,55.65054511874547,54.287059523809525,63.12195833333333,54.6109364598518,62.07498616158349,62.85022356618356,59.23678745090933,60.74884504884709
2018-12-16,63.2435,55.65054511874547,54.287059523809525,62.71340476190477,54.64692278607872,62.326800400248416,63.313722193704734,61.96648813608592,60.64620958105992
2018-12-23,59.40855952380953,55.65054511874547,54.287059523809525,57.949869047619046,54.68290911230564,57.74689238889659,60.93781029590696,60.29458657943957,59.985394085105824
2018-12-30,49.075583333333334,55.65054511874547,54.287059523809525,48.223803571428576,54.718895438532556,48.337845441576235,54.94119783846304,50.42652500006298,58.5753872342014
2019-01-06,53.805875,55.65054511874547,54.287059523809525,54.85843452380953,54.754881764759475,55.85634094958718,56.17596862699361,55.224342431728644,58.1703308365654
2019-01-13,62.37220238095239,55.65054511874547,54.287059523809525,60.05204761904762,54.79086809098639,59.74416614875606,60.05331774419756,58.55051789275481,58.75905861931989
2019-01-20,62.42349404761905,55.65054511874547,54.287059523809525,61.86826785714286,54.82685441721331,61.71235443350568,63.226726024160826,61.71959382146797,58.92007933248968
2019-01-27,63.58701190476191,55.65054511874547,54.287059523809525,60.128232142857144,54.86284074344023,61.876586052916316,62.66750345973355,61.56575243647938,58.986627706992735
2019-02-03,62.08876785714286,55.65054511874547,54.287059523809525,60.81609523809524,54.898827069667156,61.418967347709525,63.26173763568795,61.20789473407262,59.00183382356083
2019-02-10,62.35953571428571,55.65054511874547,54.287059523809525,61.24415476190476,54.934813395894075,59.996089038831315,61.39388981358752,59.906987015275334,59.76119018719952
2019-02-17,60.79900595238095,55.65054511874547,54.287059523809525,60.73777380952381,54.970799722120994,59.7991957750085,61.36974104172282,59.395397299722,59.64092356669785
2019-02-24,59.46751785714285,55.65054511874547,54.287059523809525,60.69296428571428,55.00678604834791,59.64452324509932,61.20344160644959,60.04323759394829,59.53882701089414
2019-03-03,58.48182142857143,55.65054511874547,54.287059523809525,63.44200595238095,55.04277237457483,60.10926036581625,62.10703279439622,58.7198009656328,60.14469812830286
2019-03-10,58.99095238095238,55.65054511874547,54.287059523809525,59.17857142857143,55.07875870080175,58.326874297146574,59.97392212030786,58.156921373307945,59.58916722207165
2019-03-17,60.07891071428571,55.65054511874547,54.287059523809525,60.88598809523809,55.11474502702867,59.566913060607945,61.13411605634701,58.58472035951352,60.226699817848356
2019-03-24,57.6493630952381,55.65054511874547,54.287059523809525,60.75360714285714,55.15073135325559,58.811449794801824,60.031674423415325,58.562512282242814,60.63796607781617
2019-03-31,56.7715119047619,55.65054511874547,54.287059523809525,55.40161904761904,55.186717679482506,54.861038522162495,57.07132625520853,55.19423695413318,60.082424138071914
2019-04-07,56.43385714285715,55.65054511874547,54.287059523809525,54.534148809523806,55.222704005709424,54.53211921257058,56.94545356348681,55.168203145530555,59.30574892290471
2019-04-14,56.76597023809524,55.65054511874547,54.287059523809525,56.09988095238096,55.25869033193634,56.75130418060576,57.68332159952911,55.25434895239095,59.704494512213245
2019-04-21,51.656261904761905,55.65054511874547,54.287059523809525,54.434273809523816,55.29467665816327,54.59344424606185,56.454290777589904,55.07631727952024,59.59237514266175
2019-04-28,52.33675,55.65054511874547,54.287059523809525,55.34271428571428,55.33066298439019,55.07428331871611,54.93656025965788,55.09510212314964,60.06455249000135
2019-05-05,53.123172619047615,55.65054511874547,54.287059523809525,52.813136904761905,55.366649310617106,53.81024402914532,56.00364295519853,54.05083262342312,59.46431908251138
2019-05-12,56.023577380952375,55.65054511874547,54.287059523809525,52.85682142857143,55.402635636844025,53.68101072897467,55.672587526995585,53.85942311935253,59.95105662962328
2019-05-19,55.28559523809523,55.65054511874547,54.287059523809525,55.36916666666667,55.43862196307094,55.749238256404354,56.929282864696916,55.11064009969594,60.51035624936321
2019-05-26,54.94535119047619,55.65054511874547,54.287059523809525,53.64008928571428,55.47460828929786,52.559510086439005,55.174354488606696,54.205199569439834,60.566082929443695
2019-06-02,51.30880357142858,55.65054511874547,54.287059523809525,53.98164880952381,55.51059461552478,53.24592739719607,55.9991366458903,54.513204960423366,60.64806793330921
2019-06-09,54.52816071428571,55.65054511874547,54.287059523809525,56.448547619047616,55.5465809417517,55.648366573830984,56.51310701235661,55.41920816622573,60.19063757794737
2019-06-16,52.28670833333333,55.65054511874547,54.287059523809525,55.91553571428571,55.58256726797862,55.725725469626695,57.303765666941445,55.45976863711661,59.33385673580369
2019-06-23,52.54121428571428,55.65054511874547,54.287059523809525,56.29283928571429,55.61855359420554,56.507909237510155,56.30307596372586,55.18465512452116,60.679553828776164
2019-06-30,55.95528571428571,55.65054511874547,54.287059523809525,55.683684523809525,55.654539920432455,56.302142960778106,56.6660791868228,54.946842641796366,60.43337504837112
2019-07-07,55.179630952380954,55.65054511874547,54.287059523809525,55.95719642857142,55.69052624665938,55.166589868314794,56.68317954448321,55.290480449515705,60.82056222513165
2019-07-14,53.908166666666666,55.65054511874547,54.287059523809525,53.87878571428572,55.7265125728863,54.002950663843556,55.36291789185043,54.23248476545498,61.13926085199857
2019-07-21,53.511964285714285,55.65054511874547,54.287059523809525,53.46576785714286,55.76249889911322,53.38262133501071,54.81925483874761,54.17318003320794,61.16129277787485
2019-07-28,54.20710119047619,55.65054511874547,54.287059523809525,55.10847619047619,55.79848522534014,54.889506133501186,55.972642691955116,55.12588958371037,60.55629095885216
2019-08-04,52.39210119047619,55.65054511874547,54.287059523809525,54.967077380952375,55.834471551567056,53.72280708689375,55.46484781921754,55.212342955891664,60.684472682503554
2019-08-11,52.01905357142856,55.65054511874547,54.287059523809525,54.29031547619047,55.870457877793974,53.8786178882805,55.025408342814444,54.37915142708336,61.38667804034952
2019-08-18,51.1552380952381,55.65054511874547,54.287059523809525,53.30570238095238,55.90644420402089,52.7142350374618,54.39972327654482,53.934680939036774,60.66708741883737
2019-08-25,51.83813095238096,55.65054511874547,54.287059523809525,54.65057142857143,55.94243053024781,54.24411539374341,54.0702391360544,54.42307718039954,61.1700131360559
2019-09-01,54.09197023809524,55.65054511874547,54.287059523809525,54.58705357142857,55.97841685647473,55.08051275077905,55.5539970065779,54.306564936041966,60.59434600291523
2019-09-08,52.44316071428571,55.65054511874547,54.287059523809525,54.906511904761906,56.01440318270165,54.25224747472519,55.26861110546133,54.83910054188714,60.451585697611435
2019-09-15,53.348488095238096,55.65054511874547,54.287059523809525,55.12004761904762,56.050389508928575,54.87794754082294,54.859735915343435,54.87851182308203,60.58724576503734
2019-09-22,53.222547619047624,55.65054511874547,54.287059523809525,56.60389285714285,56.08637583515549,55.502462200438444,56.19282407559194,56.702006199263764,60.54545129285525
2019-09-29,54.82947619047619,55.65054511874547,54.287059523809525,56.12404166666666,56.12236216138241,55.26260630830215,55.28350124975532,55.20591365431034,60.60307606232533
2019-10-06,52.33063095238096,55.65054511874547,54.287059523809525,54.287059523809525,56.15834848760933,54.326641183269146,56.218979625100246,54.99217931435816,59.534052540198616
2019-10-13,55.80170833333333,55.65054511874547,54.287059523809525,56.333398809523814,56.19433481383625,56.73802416317407,55.87467128621438,55.37825541799874,60.17268824034373
2019-10-20,56.13279166666666,55.65054511874547,54.287059523809525,56.333398809523814,56.23032114006317,56.39508924748161,56.234492270755936,55.42113707058452,59.64221209271216
2019-10-27,56.48441071428571,55.65054511874547,54.287059523809525,56.333398809523814,56.26630746629009,57.077946922883726,57.59334450166534,57.382841925367636,60.83704732526334
2019-11-03,55.02963095238095,55.65054511874547,54.287059523809525,56.333398809523814,56.302293792517005,54.61049905191687,58.7939372917358,55.15596280857611,60.02554215805394
2019-11-10,58.15936309523809,55.65054511874547,54.287059523809525,56.333398809523814,56.338280118743924,58.850437242295996,58.6346884430518,57.30916389138553,60.81189789980546
2019-11-17,59.11223809523809,55.65054511874547,54.287059523809525,56.333398809523814,56.37426644497084,60.202199246838134,60.65187334354914,58.394890534410905,60.2807805728997
2019-11-24,59.73594047619048,55.65054511874547,54.287059523809525,56.333398809523814,56.41025277119776,60.20098447523982,60.97754650310958,58.53650901125203,60.77226552801575
2019-12-01,59.84283333333333,55.65054511874547,54.287059523809525,56.333398809523814,56.44623909742468,61.18374772404574,62.458734907161215,58.85261854606374,60.48112340998934
2019-12-08,61.05929761904762,55.65054511874547,54.287059523809525,56.333398809523814,56.482225423651606,62.625196592873884,62.30029244973616,59.6868092701491,60.63955972186227
2019-12-15,61.24219047619048,55.65054511874547,54.287059523809525,56.333398809523814,56.518211749878525,61.90785412260985,62.90273777146899,59.227384433980596,61.06277425552584
2019-12-22,56.83676785714285,55.65054511874547,54.287059523809525,56.333398809523814,56.55419807610544,57.16760983129838,60.76311502176577,59.794947305421715,60.438812564002234
2019-12-29,46.50530952380952,55.65054511874547,54.287059523809525,56.333398809523814,56.59018440233236,48.72197497656664,55.66916537669363,50.85807853698193,58.85317160047393
2020-01-05,50.16170238095238,55.65054511874547,54.287059523809525,56.333398809523814,56.62617072855928,55.83309633740776,55.74375256811436,53.80538435535494,58.13795634165287
2020-01-12,59.07759523809524,55.65054511874547,54.287059523809525,56.333398809523814,56.6621570547862,59.11358155965087,60.112479472269115,58.679279655059716,59.13378733883535
2020-01-19,60.36169642857143,55.65054511874547,54.287059523809525,56.333398809523814,56.69814338101312,60.52709677117759,61.929900127749306,59.464689415228726,58.92410937201889
2020-01-26,60.89373214285715,55.65054511874547,54.287059523809525,56.333398809523814,56.73412970724004,61.06431728215662,64.10335005327988,61.12803323249505,59.6831319636467
2020-02-02,60.839196428571434,55.65054511874547,54.287059523809525,56.333398809523814,56.770116033466955,60.001444190675635,63.05693955698871,59.76928465690351,59.058577479640206
2020-02-09,60.259839285714285,55.65054511874547,54.287059523809525,56.333398809523814,56.806102359693874,59.60982715990281,62.87134534618531,59.659041008097596,59.71894796420713
2020-02-16,60.845125,55.65054511874547,54.287059523809525,56.333398809523814,56.8420886859208,59.20382574878491,61.38586610118091,59.28783117390603,59.666710368619334
2020-02-23,59.787327380952384,55.65054511874547,54.287059523809525,56.333398809523814,56.87807501214772,58.802248058662336,61.203731584293564,59.37074068372073,59.3694515098332
2020-03-01,58.8991369047619,55.65054511874547,54.287059523809525,56.333398809523814,56.91406133837464,60.38587365635305,61.5469943361029,59.186642246956495,59.31458514544035
2020-03-08,58.68847023809524,55.65054511874547,54.287059523809525,56.333398809523814,56.950047664601556,58.98284963871708,61.8887008273623,59.26531912280039,59.470240803278614
2020-03-15,58.534238095238095,55.65054511874547,54.287059523809525,56.333398809523814,56.986033990828474,59.57753933834141,61.80704986567753,58.9750099978298,59.91700302531645
2020-03-22,55.37274404761904,55.65054511874547,54.287059523809525,56.333398809523814,57.02202031705539,59.2595397704323,60.047603572835214,58.55866547539313,59.97967617388339
2020-03-29,53.471982142857144,55.65054511874547,54.287059523809525,56.333398809523814,57.05800664328231,55.579267352728266,58.94935777341993,58.73282919421107,60.165874080818924
2020-04-05,52.84526785714285,55.65054511874547,54.287059523809525,56.333398809523814,57.09399296950923,55.774067716989904,59.11902045755028,55.24472195346394,59.619920150998
2020-04-12,47.21088690476191,55.65054511874547,54.287059523809525,56.333398809523814,57.12997929573615,56.13246739813013,57.76734364965591,57.94739153049697,59.86079395528756
2020-04-19,47.41569642857143,55.65054511874547,54.287059523809525,56.333398809523814,57.16596562196307,55.22545342406383,54.415547190144935,53.02525421810464,58.8773047368589
2020-04-26,50.17241666666667,55.65054511874547,54.287059523809525,56.333398809523814,57.201951948189986,55.38296788920891,54.28624951429515,53.169963203394516,58.872518168564866
2020-05-03,48.16190476190476,55.65054511874547,54.287059523809525,56.333398809523814,57.237938274416905,52.92572858773414,55.33759974019836,53.45537468502356,59.183366906044995
2020-05-10,49.59077976190476,55.65054511874547,54.287059523809525,56.333398809523814,57.27392460064383,53.27156785305839,56.02654154191396,55.15684190936087,60.5854655811016
2020-05-17,50.92697619047619,55.65054511874547,54.287059523809525,56.333398809523814,57.30991092687075,56.284495868408115,56.869880150384915,55.17450021628641,60.324008413598335
2020-05-24,47.43964285714286,55.65054511874547,54.287059523809525,56.333398809523814,57.34589725309767,52.692705523726666,55.849993811623335,54.95103792988714,60.25462899202684
2020-05-31,49.52760714285715,55.65054511874547,54.287059523809525,56.333398809523814,57.38188357932459,53.12559598245225,53.46734391455584,53.35568271660699,59.85671275421602
2020-06-07,48.776244047619045,55.65054511874547,54.287059523809525,56.333398809523814,57.417869905551505,55.13545613607226,55.96094912144508,54.233184814272356,59.6714495252658
2020-06-14,48.21974404761905,55.65054511874547,54.287059523809525,56.333398809523814,57.453856231778424,55.176726416527266,54.04450442655684,53.389703316829,58.477130852193355
2020-06-21,49.813946428571434,55.65054511874547,54.287059523809525,56.333398809523814,57.48984255800534,56.14985284305658,54.30261250291437,53.310880264824426,59.516640927966435
2020-06-28,50.48079166666666,55.65054511874547,54.287059523809525,56.333398809523814,57.52582888423226,56.13152020230767,56.379538839597444,54.83739270716165,61.26945074714878
2020-07-05,51.458875,55.65054511874547,54.287059523809525,56.333398809523814,57.56181521045918,55.67667805956073,55.414738955794974,54.74543586667127,61.563374004721155
2020-07-12,51.25257738095239,55.65054511874547,54.287059523809525,56.333398809523814,57.5978015366861,53.6911464520852,54.713221950198204,53.357021169349565,60.71312074930624
2020-07-19,50.89618452380952,55.65054511874547,54.287059523809525,56.333398809523814,57.633787862913024,52.91148702582407,54.137672997805566,53.23867675295906,60.94163356038122
2020-07-26,50.4757380952381,55.65054511874547,54.287059523809525,56.333398809523814,57.66977418913994,54.276756273690104,54.60501507530148,53.74822909891649,61.34914951671519
2020-08-02,50.04939285714286,55.65054511874547,54.287059523809525,56.333398809523814,57.70576051536686,54.11550450530234,54.15454988123906,53.18514338896622,61.18980050566772
2020-08-09,49.45092261904762,55.65054511874547,54.287059523809525,56.333398809523814,57.74174684159378,54.017610018366156,54.059074441147686,53.199285177940155,60.0284603722027
2020-08-16,52.07673809523809,55.65054511874547,54.287059523809525,56.333398809523814,57.7777331678207,53.41421994756948,53.32690481929808,53.27085457831649,59.97686893124005
2020-08-23,51.87205952380952,55.65054511874547,54.287059523809525,56.333398809523814,57.81371949404762,54.60396035041073,53.84585268701221,53.29122909792943,60.05046455836212
2020-08-30,51.653375,55.65054511874547,54.287059523809525,56.333398809523814,57.84970582027454,54.30505002660823,54.29991259246731,53.84128937715818,60.68180779073026
2020-09-06,51.617744047619055,55.65054511874547,54.287059523809525,56.333398809523814,57.885692146501455,54.354599358538806,53.971580829375625,53.39469968208161,59.762160345738266
2020-09-13,51.50763095238095,55.65054511874547,54.287059523809525,56.333398809523814,57.921678472728374,54.90767980308059,54.01622997198706,53.31807816900585,59.88613817801394
2020-09-20,52.18132738095238,55.65054511874547,54.287059523809525,56.333398809523814,57.95766479895529,55.737841446036505,54.08525122296828,53.267531021700144,59.99331850256429
2020-09-27,53.41193452380952,55.65054511874547,54.287059523809525,56.333398809523814,57.99365112518221,55.94905733051722,55.30351867327386,54.98233043341509,59.33887669940887
2020-10-04,57.41031944444444,55.65054511874547,54.287059523809525,56.333398809523814,58.02963745140914,53.52286783864052,54.170140637108716,53.56568065489436,58.49326432670502
