date,actual,sarima_forecast,ci_lower,ci_upper
2018-07-15 00:00:00+00:00,53.87878571428572,55.50954993131574,52.82032623191563,58.19877363071585
2018-07-22 00:00:00+00:00,53.46576785714286,55.36193993609507,52.47693492264396,58.246944949546176
2018-07-29 00:00:00+00:00,55.10847619047619,54.288092873617586,51.38945974370303,57.186726003532144
2018-08-05 00:00:00+00:00,54.967077380952375,53.9777732466562,51.07755476451764,56.877991728794754
2018-08-12 00:00:00+00:00,54.29031547619047,53.74844223548221,50.84794128734254,56.648943183621874
2018-08-19 00:00:00+00:00,53.30570238095238,53.485830463279974,50.58526939684596,56.38639152971399
2018-08-26 00:00:00+00:00,54.65057142857143,54.86431457061683,51.96374006743264,57.764889073801015
2018-09-02 00:00:00+00:00,54.58705357142857,54.898253704326976,51.99767616277287,57.79883124588108
2018-09-09 00:00:00+00:00,54.906511904761906,54.97615496657594,52.07557673608332,57.87673319706856
2018-09-16 00:00:00+00:00,55.12004761904762,55.649930111138744,52.74935172435897,58.55050849791852
2018-09-23 00:00:00+00:00,56.60389285714285,54.754660805104564,51.85408238281559,57.65523922739354
2018-09-30 00:00:00+00:00,56.12404166666666,55.69545607460554,52.79487764427053,58.59603450494055
2018-10-07 00:00:00+00:00,54.287059523809525,55.63579359732271,52.73521516511432,58.5363720295311
2018-10-14 00:00:00+00:00,55.84894047619047,57.952755180873396,55.05217674825116,60.85333361349563
2018-10-21 00:00:00+00:00,55.762125000000005,58.01445787772923,55.11387944496542,60.915036310493036
2018-10-28 00:00:00+00:00,58.68471428571428,58.28691437071421,55.386335937929516,61.1874928034989
2018-11-04 00:00:00+00:00,55.91758928571429,57.00753409478334,54.10695566194624,59.90811252762044
2018-11-11 00:00:00+00:00,58.16347023809523,60.80712616896828,57.906547736130534,63.70770460180603
2018-11-18 00:00:00+00:00,59.69608333333333,61.47414033553401,58.57356190264843,64.3747187684196
2018-11-25 00:00:00+00:00,61.5533630952381,61.870446102593974,58.96986766970865,64.7710245354793
2018-12-02 00:00:00+00:00,62.379154761904765,62.683997540302805,59.78341910736878,65.58457597323684
2018-12-09 00:00:00+00:00,62.32269047619047,63.06585409317765,60.16527566024294,65.96643252611236
2018-12-16 00:00:00+00:00,63.2435,61.845828026923996,58.945249594638746,64.74640645920924
2018-12-23 00:00:00+00:00,59.40855952380953,55.87274332766917,52.972164906000344,58.773321749337995
2018-12-30 00:00:00+00:00,49.075583333333334,49.68769172858335,46.78711334545383,52.58827011171287
2019-01-06 00:00:00+00:00,53.805875,58.33418140510851,55.43303037702937,61.23533243318765
2019-01-13 00:00:00+00:00,62.37220238095239,61.89461093774992,59.058860701758945,64.73036117374089
2019-01-20 00:00:00+00:00,62.42349404761905,63.10048355823021,60.26468275803084,65.93628435842957
2019-01-27 00:00:00+00:00,63.58701190476191,62.27119933293268,59.43461169273035,65.107786973135
2019-02-03 00:00:00+00:00,62.08876785714286,62.123910689610526,59.28710462544381,64.96071675377723
2019-02-10 00:00:00+00:00,62.35953571428571,62.032942530503114,59.19608485132791,64.86980020967832
2019-02-17 00:00:00+00:00,60.79900595238095,61.7876860410638,58.95081654428932,64.62455553783829
2019-02-24 00:00:00+00:00,59.46751785714285,61.58382214481881,58.74694996107927,64.42069432855835
2019-03-03 00:00:00+00:00,58.48182142857143,61.93430559616582,59.097432802425296,64.77117838990634
2019-03-10 00:00:00+00:00,58.99095238095238,60.36428790894381,57.527414976745284,63.20116084114233
2019-03-17 00:00:00+00:00,60.07891071428571,59.88704740521876,57.05017444159983,62.72392036883769
2019-03-24 00:00:00+00:00,57.6493630952381,58.93590614651545,56.09903317573429,61.77277911729661
2019-03-31 00:00:00+00:00,56.7715119047619,56.27618308560148,53.439310113192846,59.113056058010116
2019-04-07 00:00:00+00:00,56.43385714285715,56.01916494384604,53.182291971035504,58.85603791665658
2019-04-14 00:00:00+00:00,56.76597023809524,55.824478939237416,52.987605966333376,58.661351912141456
2019-04-21 00:00:00+00:00,51.656261904761905,55.55096695432535,52.71409398136748,58.38783992728321
2019-04-28 00:00:00+00:00,52.33675,56.2262956699289,53.389422696956515,59.06316864290129
2019-05-05 00:00:00+00:00,53.123172619047615,54.61303394891272,51.776160975904425,57.44990692192102
2019-05-12 00:00:00+00:00,56.023577380952375,54.74228094355082,51.905407970532075,57.57915391656956
2019-05-19 00:00:00+00:00,55.28559523809523,55.33713502867332,52.500262055619594,58.17400800172705
2019-05-26 00:00:00+00:00,54.94535119047619,53.66865936963176,50.83178639656778,56.505532342695744
2019-06-02 00:00:00+00:00,51.30880357142858,55.01976603784673,52.182893064747695,57.85663901094576
2019-06-09 00:00:00+00:00,54.52816071428571,55.66363211098908,52.82675913787881,58.500505084099345
2019-06-16 00:00:00+00:00,52.28670833333333,55.622370402147595,52.78549742899345,58.45924337530174
2019-06-23 00:00:00+00:00,52.54121428571428,56.578361299207806,53.74148832596358,59.41523427245203
2019-06-30 00:00:00+00:00,55.95528571428571,56.55133586919921,53.71446289520709,59.38820884319132
2019-07-07 00:00:00+00:00,55.179630952380954,56.63052786575975,53.79365488964464,59.46740084187486
2019-07-14 00:00:00+00:00,53.908166666666666,56.25431569083909,53.32037211829741,59.18825926338077
2019-07-21 00:00:00+00:00,53.511964285714285,56.14795024503952,53.19557039288557,59.10033009719346
2019-07-28 00:00:00+00:00,54.20710119047619,55.0834619412379,52.12869958027194,58.03822430220386
2019-08-04 00:00:00+00:00,52.39210119047619,54.77526590066993,51.82005510434169,57.73047669699817
2019-08-11 00:00:00+00:00,52.01905357142856,54.546416750320276,51.5911089415322,57.501724559108354
2019-08-18 00:00:00+00:00,51.1552380952381,54.28391431666662,51.32858473896788,57.23924389436535
2019-08-25 00:00:00+00:00,51.83813095238096,55.662423233902096,52.70708872915405,58.61775773865014
2019-09-01 00:00:00+00:00,54.09197023809524,55.69636799720106,52.741032375109356,58.65170361929276
2019-09-08 00:00:00+00:00,52.44316071428571,55.77427053685428,52.81893466120587,58.72960641250269
2019-09-15 00:00:00+00:00,53.348488095238096,56.44804597127158,53.49271003809167,59.40338190445149
2019-09-22 00:00:00+00:00,53.222547619047624,55.55277673100799,52.59744078471905,58.50811267729693
2019-09-29 00:00:00+00:00,54.82947619047619,56.493572015432896,53.538236066170484,59.44890796469531
2019-10-06 00:00:00+00:00,52.33063095238096,56.433909541536444,53.47857359154461,59.38924549152828
2019-10-13 00:00:00+00:00,55.80170833333333,58.75087112585553,55.79553517569927,61.70620707601179
2019-10-20 00:00:00+00:00,56.13279166666666,58.812573822885724,55.85723787263744,61.76790977313401
2019-10-27 00:00:00+00:00,56.48441071428571,59.08503031591027,56.12969436564218,62.04036626617835
2019-11-03 00:00:00+00:00,55.02963095238095,57.805650039988365,54.850314089661076,60.76098599031565
2019-11-10 00:00:00+00:00,58.15936309523809,61.60524211417534,58.6499061638357,64.56057806451498
2019-11-17 00:00:00+00:00,59.11223809523809,62.27225628074153,59.31692033034435,65.2275922311387
2019-11-24 00:00:00+00:00,59.73594047619048,62.6685620478016,59.71322609739225,65.62389799821095
2019-12-01 00:00:00+00:00,59.84283333333333,63.48211348551045,60.526777535041965,66.43744943597893
2019-12-08 00:00:00+00:00,61.05929761904762,63.8639700383853,60.90863408789831,66.81930598887229
2019-12-15 00:00:00+00:00,61.24219047619048,62.643943972131645,59.68860802222264,65.59927992204065
2019-12-22 00:00:00+00:00,56.83676785714285,56.670859272876825,53.715523332959094,59.626195212794556
2019-12-29 00:00:00+00:00,46.50530952380952,50.48580767379101,47.53047176859668,53.44114357898533
2020-01-05 00:00:00+00:00,50.16170238095238,59.132297350316165,56.17533281296761,62.08926188766472
2020-01-12 00:00:00+00:00,59.07759523809524,62.69272688295757,59.79218472951824,65.5932690363969
2020-01-19 00:00:00+00:00,60.36169642857143,63.89859950343786,60.996259904069305,66.80093910280641
2020-01-26 00:00:00+00:00,60.89373214285715,63.06931527814032,60.16581048584568,65.97282007043496
2020-02-02 00:00:00+00:00,60.839196428571434,62.92202663481816,60.018218522635884,65.82583474700044
2020-02-09 00:00:00+00:00,60.259839285714285,62.83105847571075,59.92717953437425,65.73493741704725
2020-02-16 00:00:00+00:00,60.845125,62.585801986271434,59.68190687001999,65.48969710252287
2020-02-23 00:00:00+00:00,59.787327380952384,62.381938090026445,59.47803929821979,65.2858368818331
2020-03-01 00:00:00+00:00,58.8991369047619,62.732421541373455,59.82852191524688,65.63632116750003
2020-03-08 00:00:00+00:00,58.68847023809524,61.16240385415144,58.25850403866196,64.06630366964092
2020-03-15 00:00:00+00:00,58.534238095238095,60.685163350426386,57.7812634919578,63.58906320889497
2020-03-22 00:00:00+00:00,55.37274404761904,59.73402209172308,56.830122223464585,62.63792195998157
2020-03-29 00:00:00+00:00,53.471982142857144,57.07429903080911,54.170399160318965,59.97819890129925
2020-04-05 00:00:00+00:00,52.84526785714285,56.81728088905367,53.91338101801962,59.72118076008772
2020-04-12 00:00:00+00:00,47.21088690476191,56.62259488444504,53.71869501327734,59.526494755612745
2020-04-19 00:00:00+00:00,47.41569642857143,56.349082899532974,53.44518302829742,59.252982770768526
2020-04-26 00:00:00+00:00,50.17241666666667,57.02441161513653,54.12051174387535,59.92831148639771
2020-05-03 00:00:00+00:00,48.16190476190476,55.41114989412035,52.507250022815825,58.315049765424874
2020-05-10 00:00:00+00:00,49.59077976190476,55.540396888758444,52.636497017433854,58.444296760083034
2020-05-17 00:00:00+00:00,50.92697619047619,56.13525097388095,53.23135110251428,59.03915084524762
2020-05-24 00:00:00+00:00,47.43964285714286,54.46677531483938,51.56287544345291,57.37067518622585
2020-05-31 00:00:00+00:00,49.52760714285715,55.81788198305435,52.913982111625714,58.721781854482984
2020-06-07 00:00:00+00:00,48.776244047619045,56.461748056196704,53.55784818474693,59.36564792764648
2020-06-14 00:00:00+00:00,48.21974404761905,56.420486347355215,53.516586475851206,59.324386218859225
2020-06-21 00:00:00+00:00,49.813946428571434,57.376477244415426,54.472577372782446,60.280377116048406
2020-06-28 00:00:00+00:00,50.48079166666666,57.349451814406834,54.44555194175674,60.25335168705693
2020-07-05 00:00:00+00:00,54.554196581196585,57.42864381096738,54.524743935407926,60.33254368652683
